id,address,city,street,house_number,entrance,zip,match_type,itm_x,itm_y,lat,lon,utm_x,utm_y,osm_status,osm_lat,osm_lon,osm_utm_x,osm_utm_y,utm_diff_m
001027-073567-00000-X,"מלכה הנרי, דימונה",דימונה,מלכה הנרי,,,8601100,street,202486.60,552388.56,31.062559,35.026641,693367.99,3438300.12,OK,31.062543,35.027230,693424.25,3438299.34,56.26
001027-073567-00002-X,"מלכה הנרי 2, דימונה",דימונה,מלכה הנרי,2,,8601101,exact,202574.80,552324.11,31.061979,35.027566,693457.47,3438237.43,OK,31.062543,35.027230,693424.25,3438299.34,70.26
001027-073567-00262-X,"מלכה הנרי 262, דימונה",דימונה,מלכה הנרי,262,,8601199,street,202486.60,552388.56,31.062559,35.026641,693367.99,3438300.12,OK,31.062543,35.027230,693424.25,3438299.34,56.26
001027-073567-00265-X,"מלכה הנרי 265, דימונה",דימונה,מלכה הנרי,265,,8601102,exact,202572.64,552349.53,31.062208,35.027543,693454.79,3438262.81,OK,31.062543,35.027230,693424.25,3438299.34,47.61
001027-073567-00265-א,"מלכה הנרי 265א, דימונה",דימונה,מלכה הנרי,265,א,8601103,exact,202572.64,552349.53,31.062208,35.027543,693454.79,3438262.81,OK,31.062543,35.027230,693424.25,3438299.34,47.61
001027-073567-00265-ב,"מלכה הנרי 265ב, דימונה",דימונה,מלכה הנרי,265,ב,8601104,exact,202572.64,552349.53,31.062208,35.027543,693454.79,3438262.81,OK,31.062543,35.027230,693424.25,3438299.34,47.61
001027-073567-00266-X,"מלכה הנרי 266, דימונה",דימונה,מלכה הנרי,266,,8601106,exact,202565.81,552374.22,31.062431,35.027471,693447.48,3438287.35,OK,31.062543,35.027230,693424.25,3438299.34,26.14
001027-073567-00266-א,"מלכה הנרי 266א, דימונה",דימונה,מלכה הנרי,266,א,8601107,exact,202565.81,552374.22,31.062431,35.027471,693447.48,3438287.35,OK,31.062543,35.027230,693424.25,3438299.34,26.14
001027-073567-00266-ב,"מלכה הנרי 266ב, דימונה",דימונה,מלכה הנרי,266,ב,8601108,exact,202565.81,552374.22,31.062431,35.027471,693447.48,3438287.35,OK,31.062543,35.027230,693424.25,3438299.34,26.14
001027-073567-00266-ג,"מלכה הנרי 266ג, דימונה",דימונה,מלכה הנרי,266,ג,8601109,exact,202565.81,552374.22,31.062431,35.027471,693447.48,3438287.35,OK,31.062543,35.027230,693424.25,3438299.34,26.14
001027-073567-00267-X,"מלכה הנרי 267, דימונה",דימונה,מלכה הנרי,267,,8601110,exact,202564.00,552400.49,31.062668,35.027452,693445.14,3438313.59,OK,31.062543,35.027230,693424.25,3438299.34,25.29
001027-073567-00267-ב,"מלכה הנרי 267ב, דימונה",דימונה,מלכה הנרי,267,ב,8601112,exact,202564.00,552400.49,31.062668,35.027452,693445.14,3438313.59,OK,31.062543,35.027230,693424.25,3438299.34,25.29
001027-073567-00268-X,"מלכה הנרי 268, דימונה",דימונה,מלכה הנרי,268,,8601114,street,202486.60,552388.56,31.062559,35.026641,693367.99,3438300.12,OK,31.062543,35.027230,693424.25,3438299.34,56.26
001027-073567-00268-א,"מלכה הנרי 268א, דימונה",דימונה,מלכה הנרי,268,א,8601115,street,202486.60,552388.56,31.062559,35.026641,693367.99,3438300.12,OK,31.062543,35.027230,693424.25,3438299.34,56.26
001027-073567-00268-ב,"מלכה הנרי 268ב, דימונה",דימונה,מלכה הנרי,268,ב,8601116,street,202486.60,552388.56,31.062559,35.026641,693367.99,3438300.12,OK,31.062543,35.027230,693424.25,3438299.34,56.26
001027-073567-00268-ג,"מלכה הנרי 268ג, דימונה",דימונה,מלכה הנרי,268,ג,8601117,street,202486.60,552388.56,31.062559,35.026641,693367.99,3438300.12,OK,31.062543,35.027230,693424.25,3438299.34,56.26
001027-073567-00268-ה,"מלכה הנרי 268ה, דימונה",דימונה,מלכה הנרי,268,ה,8601119,street,202486.60,552388.56,31.062559,35.026641,693367.99,3438300.12,OK,31.062543,35.027230,693424.25,3438299.34,56.26
001027-073567-00269-X,"מלכה הנרי 269, דימונה",דימונה,מלכה הנרי,269,,8601123,street,202486.60,552388.56,31.062559,35.026641,693367.99,3438300.12,OK,31.062543,35.027230,693424.25,3438299.34,56.26
001027-073567-00269-א,"מלכה הנרי 269א, דימונה",דימונה,מלכה הנרי,269,א,8601124,street,202486.60,552388.56,31.062559,35.026641,693367.99,3438300.12,OK,31.062543,35.027230,693424.25,3438299.34,56.26
001027-073567-00269-ב,"מלכה הנרי 269ב, דימונה",דימונה,מלכה הנרי,269,ב,8601125,street,202486.60,552388.56,31.062559,35.026641,693367.99,3438300.12,OK,31.062543,35.027230,693424.25,3438299.34,56.26
001027-073567-00269-ד,"מלכה הנרי 269ד, דימונה",דימונה,מלכה הנרי,269,ד,8601127,street,202486.60,552388.56,31.062559,35.026641,693367.99,3438300.12,OK,31.062543,35.027230,693424.25,3438299.34,56.26
001027-073822-00121-X,"? 121, דימונה",דימונה,?,121,,8601128,none,,,,,,,unknown_street,,,,,
001027-073822-00121-א,"? 121א, דימונה",דימונה,?,121,א,8601129,none,,,,,,,unknown_street,,,,,
001027-073822-00121-ב,"? 121ב, דימונה",דימונה,?,121,ב,8601130,none,,,,,,,unknown_street,,,,,
001027-073822-00121-ג,"? 121ג, דימונה",דימונה,?,121,ג,8601131,none,,,,,,,unknown_street,,,,,
001027-073822-00122-ב,"? 122ב, דימונה",דימונה,?,122,ב,8601135,none,,,,,,,unknown_street,,,,,
001027-073822-00123-X,"? 123, דימונה",דימונה,?,123,,8601137,none,,,,,,,unknown_street,,,,,
001027-073822-00123-א,"? 123א, דימונה",דימונה,?,123,א,8601138,none,,,,,,,unknown_street,,,,,
001027-073822-00123-ב,"? 123ב, דימונה",דימונה,?,123,ב,8601139,none,,,,,,,unknown_street,,,,,
001027-073822-00124-X,"? 124, דימונה",דימונה,?,124,,8601141,none,,,,,,,unknown_street,,,,,
001027-073822-00124-א,"? 124א, דימונה",דימונה,?,124,א,8601142,none,,,,,,,unknown_street,,,,,
001027-073822-00124-ב,"? 124ב, דימונה",דימונה,?,124,ב,8601143,none,,,,,,,unknown_street,,,,,
001027-073822-00124-ג,"? 124ג, דימונה",דימונה,?,124,ג,8601144,none,,,,,,,unknown_street,,,,,
001027-073822-00125-X,"? 125, דימונה",דימונה,?,125,,8601145,none,,,,,,,unknown_street,,,,,
001027-073822-00125-א,"? 125א, דימונה",דימונה,?,125,א,8601146,none,,,,,,,unknown_street,,,,,
001027-073822-00125-ג,"? 125ג, דימונה",דימונה,?,125,ג,8601148,none,,,,,,,unknown_street,,,,,
001027-073822-00258-X,"? 258, דימונה",דימונה,?,258,,8612302,none,,,,,,,unknown_street,,,,,
001027-073822-00261-X,"? 261, דימונה",דימונה,?,261,,8601149,none,,,,,,,unknown_street,,,,,
001027-073822-00262-X,"? 262, דימונה",דימונה,?,262,,8612305,none,,,,,,,unknown_street,,,,,
001027-073822-00265-X,"? 265, דימונה",דימונה,?,265,,8612308,none,,,,,,,unknown_street,,,,,
001027-074211-00002-X,"התאנה 2, דימונה",דימונה,התאנה,2,,8602701,exact,202359.80,552540.39,31.063927,35.025310,693238.20,3438449.41,OK,31.064491,35.026752,693374.66,3438514.43,151.16
001027-074211-00220-X,"התאנה 220, דימונה",דימונה,התאנה,220,,8602704,street,202509.70,552600.96,31.064475,35.026879,693386.87,3438512.95,OK,31.064491,35.026752,693374.66,3438514.43,12.30
001027-074211-00222-X,"התאנה 222, דימונה",דימונה,התאנה,222,,8602705,street,202509.70,552600.96,31.064475,35.026879,693386.87,3438512.95,OK,31.064491,35.026752,693374.66,3438514.43,12.30
001027-074211-00224-X,"התאנה 224, דימונה",דימונה,התאנה,224,,8602706,street,202509.70,552600.96,31.064475,35.026879,693386.87,3438512.95,OK,31.064491,35.026752,693374.66,3438514.43,12.30
001027-074211-00230-X,"התאנה 230, דימונה",דימונה,התאנה,230,,8602709,street,202509.70,552600.96,31.064475,35.026879,693386.87,3438512.95,OK,31.064491,35.026752,693374.66,3438514.43,12.30
001027-074211-00232-X,"התאנה 232, דימונה",דימונה,התאנה,232,,8602710,street,202509.70,552600.96,31.064475,35.026879,693386.87,3438512.95,OK,31.064491,35.026752,693374.66,3438514.43,12.30
001027-074211-00234-X,"התאנה 234, דימונה",דימונה,התאנה,234,,8602711,street,202509.70,552600.96,31.064475,35.026879,693386.87,3438512.95,OK,31.064491,35.026752,693374.66,3438514.43,12.30
001027-074211-00236-X,"התאנה 236, דימונה",דימונה,התאנה,236,,8602712,street,202509.70,552600.96,31.064475,35.026879,693386.87,3438512.95,OK,31.064491,35.026752,693374.66,3438514.43,12.30
001027-074211-00238-X,"התאנה 238, דימונה",דימונה,התאנה,238,,8602713,street,202509.70,552600.96,31.064475,35.026879,693386.87,3438512.95,OK,31.064491,35.026752,693374.66,3438514.43,12.30
001027-074211-00240-X,"התאנה 240, דימונה",דימונה,התאנה,240,,8602714,street,202509.70,552600.96,31.064475,35.026879,693386.87,3438512.95,OK,31.064491,35.026752,693374.66,3438514.43,12.30
001027-074211-00242-X,"התאנה 242, דימונה",דימונה,התאנה,242,,8602715,street,202509.70,552600.96,31.064475,35.026879,693386.87,3438512.95,OK,31.064491,35.026752,693374.66,3438514.43,12.30
001027-074211-00244-X,"התאנה 244, דימונה",דימונה,התאנה,244,,8602716,street,202509.70,552600.96,31.064475,35.026879,693386.87,3438512.95,OK,31.064491,35.026752,693374.66,3438514.43,12.30
001027-074211-00246-X,"התאנה 246, דימונה",דימונה,התאנה,246,,8602717,street,202509.70,552600.96,31.064475,35.026879,693386.87,3438512.95,OK,31.064491,35.026752,693374.66,3438514.43,12.30
001027-074211-00248-X,"התאנה 248, דימונה",דימונה,התאנה,248,,8602718,street,202509.70,552600.96,31.064475,35.026879,693386.87,3438512.95,OK,31.064491,35.026752,693374.66,3438514.43,12.30
001027-074211-00250-X,"התאנה 250, דימונה",דימונה,התאנה,250,,8602719,street,202509.70,552600.96,31.064475,35.026879,693386.87,3438512.95,OK,31.064491,35.026752,693374.66,3438514.43,12.30
001027-074211-00254-X,"התאנה 254, דימונה",דימונה,התאנה,254,,8602721,street,202509.70,552600.96,31.064475,35.026879,693386.87,3438512.95,OK,31.064491,35.026752,693374.66,3438514.43,12.30
001027-074211-00256-X,"התאנה 256, דימונה",דימונה,התאנה,256,,8602722,street,202509.70,552600.96,31.064475,35.026879,693386.87,3438512.95,OK,31.064491,35.026752,693374.66,3438514.43,12.30
001027-074211-00258-X,"התאנה 258, דימונה",דימונה,התאנה,258,,8602723,street,202509.70,552600.96,31.064475,35.026879,693386.87,3438512.95,OK,31.064491,35.026752,693374.66,3438514.43,12.30
001027-074211-00260-X,"התאנה 260, דימונה",דימונה,התאנה,260,,8602724,street,202509.70,552600.96,31.064475,35.026879,693386.87,3438512.95,OK,31.064491,35.026752,693374.66,3438514.43,12.30
001027-074211-00334-X,"התאנה 334, דימונה",דימונה,התאנה,334,,8602725,street,202509.70,552600.96,31.064475,35.026879,693386.87,3438512.95,OK,31.064491,35.026752,693374.66,3438514.43,12.30
001027-074211-00336-X,"התאנה 336, דימונה",דימונה,התאנה,336,,8602726,street,202509.70,552600.96,31.064475,35.026879,693386.87,3438512.95,OK,31.064491,35.026752,693374.66,3438514.43,12.30
001027-074211-00338-X,"התאנה 338, דימונה",דימונה,התאנה,338,,8602727,street,202509.70,552600.96,31.064475,35.026879,693386.87,3438512.95,OK,31.064491,35.026752,693374.66,3438514.43,12.30
001027-074211-00340-X,"התאנה 340, דימונה",דימונה,התאנה,340,,8602728,street,202509.70,552600.96,31.064475,35.026879,693386.87,3438512.95,OK,31.064491,35.026752,693374.66,3438514.43,12.30
001027-074211-00342-X,"התאנה 342, דימונה",דימונה,התאנה,342,,8602729,street,202509.70,552600.96,31.064475,35.026879,693386.87,3438512.95,OK,31.064491,35.026752,693374.66,3438514.43,12.30
001027-074211-00344-X,"התאנה 344, דימונה",דימונה,התאנה,344,,8602730,street,202509.70,552600.96,31.064475,35.026879,693386.87,3438512.95,OK,31.064491,35.026752,693374.66,3438514.43,12.30
001027-074211-00346-X,"התאנה 346, דימונה",דימונה,התאנה,346,,8602731,street,202509.70,552600.96,31.064475,35.026879,693386.87,3438512.95,OK,31.064491,35.026752,693374.66,3438514.43,12.30
001027-074211-00348-X,"התאנה 348, דימונה",דימונה,התאנה,348,,8602732,street,202509.70,552600.96,31.064475,35.026879,693386.87,3438512.95,OK,31.064491,35.026752,693374.66,3438514.43,12.30
001027-074211-00350-X,"התאנה 350, דימונה",דימונה,התאנה,350,,8602733,street,202509.70,552600.96,31.064475,35.026879,693386.87,3438512.95,OK,31.064491,35.026752,693374.66,3438514.43,12.30
001027-074211-00352-X,"התאנה 352, דימונה",דימונה,התאנה,352,,8602734,street,202509.70,552600.96,31.064475,35.026879,693386.87,3438512.95,OK,31.064491,35.026752,693374.66,3438514.43,12.30
001027-074211-00354-X,"התאנה 354, דימונה",דימונה,התאנה,354,,8602735,street,202509.70,552600.96,31.064475,35.026879,693386.87,3438512.95,OK,31.064491,35.026752,693374.66,3438514.43,12.30
001027-074211-00356-X,"התאנה 356, דימונה",דימונה,התאנה,356,,8602736,street,202509.70,552600.96,31.064475,35.026879,693386.87,3438512.95,OK,31.064491,35.026752,693374.66,3438514.43,12.30
001027-074211-00358-X,"התאנה 358, דימונה",דימונה,התאנה,358,,8602737,street,202509.70,552600.96,31.064475,35.026879,693386.87,3438512.95,OK,31.064491,35.026752,693374.66,3438514.43,12.30
001027-074211-00362-X,"התאנה 362, דימונה",דימונה,התאנה,362,,8602739,street,202509.70,552600.96,31.064475,35.026879,693386.87,3438512.95,OK,31.064491,35.026752,693374.66,3438514.43,12.30
001027-074211-00364-X,"התאנה 364, דימונה",דימונה,התאנה,364,,8602740,street,202509.70,552600.96,31.064475,35.026879,693386.87,3438512.95,OK,31.064491,35.026752,693374.66,3438514.43,12.30
001027-074211-00366-X,"התאנה 366, דימונה",דימונה,התאנה,366,,8602741,street,202509.70,552600.96,31.064475,35.026879,693386.87,3438512.95,OK,31.064491,35.026752,693374.66,3438514.43,12.30
001027-074211-00368-X,"התאנה 368, דימונה",דימונה,התאנה,368,,8602742,street,202509.70,552600.96,31.064475,35.026879,693386.87,3438512.95,OK,31.064491,35.026752,693374.66,3438514.43,12.30
001027-074211-00374-X,"התאנה 374, דימונה",דימונה,התאנה,374,,8602745,street,202509.70,552600.96,31.064475,35.026879,693386.87,3438512.95,OK,31.064491,35.026752,693374.66,3438514.43,12.30
001027-074211-00380-X,"התאנה 380, דימונה",דימונה,התאנה,380,,8602748,street,202509.70,552600.96,31.064475,35.026879,693386.87,3438512.95,OK,31.064491,35.026752,693374.66,3438514.43,12.30
001027-074211-00382-X,"התאנה 382, דימונה",דימונה,התאנה,382,,8602749,street,202509.70,552600.96,31.064475,35.026879,693386.87,3438512.95,OK,31.064491,35.026752,693374.66,3438514.43,12.30
001027-074430-00001-X,"הגפן 1, דימונה",דימונה,הגפן,1,,8610565,none,,,,,,,OK,31.064918,35.025862,693288.91,3438560.30,
001027-074430-00002-X,"הגפן 2, דימונה",דימונה,הגפן,2,,8610566,none,,,,,,,OK,31.064918,35.025862,693288.91,3438560.30,
001027-074430-00004-X,"הגפן 4, דימונה",דימונה,הגפן,4,,8610568,exact,202569.61,552707.25,31.065435,35.027505,693444.67,3438620.41,OK,31.064918,35.025862,693288.91,3438560.30,166.95
001027-074430-00005-X,"הגפן 5, דימונה",דימונה,הגפן,5,,8610569,exact,202638.73,552681.53,31.065204,35.028230,693514.29,3438596.07,OK,31.064918,35.025862,693288.91,3438560.30,228.20
001027-074430-00006-X,"הגפן 6, דימונה",דימונה,הגפן,6,,8610570,none,,,,,,,OK,31.064918,35.025862,693288.91,3438560.30,
001027-074430-00007-X,"הגפן 7, דימונה",דימונה,הגפן,7,,8610571,none,,,,,,,OK,31.064918,35.025862,693288.91,3438560.30,
001027-074430-00008-X,"הגפן 8, דימונה",דימונה,הגפן,8,,8610572,exact,202538.76,552687.98,31.065261,35.027182,693414.20,3438600.53,OK,31.064918,35.025862,693288.91,3438560.30,131.59
001027-074430-00009-X,"הגפן 9, דימונה",דימונה,הגפן,9,,8610573,none,,,,,,,OK,31.064918,35.025862,693288.91,3438560.30,
001027-074430-00010-X,"הגפן 10, דימונה",דימונה,הגפן,10,,8610574,none,,,,,,,OK,31.064918,35.025862,693288.91,3438560.30,
001027-074430-00011-X,"הגפן 11, דימונה",דימונה,הגפן,11,,8610575,exact,202576.30,552671.43,31.065112,35.027576,693452.07,3438584.73,OK,31.064918,35.025862,693288.91,3438560.30,164.98
001027-074430-00012-X,"הגפן 12, דימונה",דימונה,הגפן,12,,8610576,exact,202509.01,552687.92,31.065260,35.026871,693384.45,3438599.89,OK,31.064918,35.025862,693288.91,3438560.30,103.42
001027-074430-00013-X,"הגפן 13, דימונה",דימונה,הגפן,13,,8610577,exact,202567.40,552673.63,31.065132,35.027483,693443.12,3438586.75,OK,31.064918,35.025862,693288.91,3438560.30,156.46
001027-074430-00014-X,"הגפן 14, דימונה",דימונה,הגפן,14,,8610578,none,,,,,,,OK,31.064918,35.025862,693288.91,3438560.30,
001027-074430-00015-X,"הגפן 15, דימונה",דימונה,הגפן,15,,8610579,exact,202542.01,552664.37,31.065048,35.027217,693417.92,3438576.99,OK,31.064918,35.025862,693288.91,3438560.30,130.09
001027-074430-00016-X,"הגפן 16, דימונה",דימונה,הגפן,16,,8610580,exact,202506.86,552714.60,31.065500,35.026848,693381.78,3438626.52,OK,31.064918,35.025862,693288.91,3438560.30,114.06
001027-074430-00017-X,"הגפן 17, דימונה",דימונה,הגפן,17,,8602801,exact,202540.28,552658.31,31.064993,35.027199,693416.31,3438570.90,OK,31.064918,35.025862,693288.91,3438560.30,127.84
001027-074430-00018-X,"הגפן 18, דימונה",דימונה,הגפן,18,,8602802,exact,202497.59,552709.48,31.065454,35.026751,693372.61,3438621.21,OK,31.064918,35.025862,693288.91,3438560.30,103.52
001027-074430-00019-X,"הגפן 19, דימונה",דימונה,הגפן,19,,8602803,exact,202529.69,552663.83,31.065043,35.027088,693405.61,3438576.20,OK,31.064918,35.025862,693288.91,3438560.30,117.78
001027-074430-00021-X,"הגפן 21, דימונה",דימונה,הגפן,21,,8602805,exact,202514.09,552660.05,31.065008,35.026924,693390.09,3438572.12,OK,31.064918,35.025862,693288.91,3438560.30,101.87
001027-074430-00024-X,"הגפן 24, דימונה",דימונה,הגפן,24,,8602808,exact,202481.99,552683.99,31.065224,35.026588,693357.52,3438595.41,OK,31.064918,35.025862,693288.91,3438560.30,77.07
001027-074430-00025-X,"הגפן 25, דימונה",דימונה,הגפן,25,,8602809,exact,202466.63,552648.64,31.064905,35.026427,693342.87,3438559.77,OK,31.064918,35.025862,693288.91,3438560.30,53.96
001027-074430-00026-X,"הגפן 26, דימונה",דימונה,הגפן,26,,8602810,exact,202477.18,552677.27,31.065163,35.026537,693352.85,3438588.60,OK,31.064918,35.025862,693288.91,3438560.30,69.92
001027-074430-00027-X,"הגפן 27, דימונה",דימונה,הגפן,27,,8602811,exact,202447.42,552644.93,31.064871,35.026226,693323.73,3438555.67,OK,31.064918,35.025862,693288.91,3438560.30,35.13
001027-074430-00028-X,"הגפן 28, דימונה",דימונה,הגפן,28,,8602812,exact,202461.33,552678.25,31.065172,35.026371,693336.98,3438589.26,OK,31.064918,35.025862,693288.91,3438560.30,56.12
001027-074430-00029-X,"הגפן 29, דימונה",דימונה,הגפן,29,,8602813,exact,202438.37,552636.98,31.064799,35.026131,693314.84,3438547.54,OK,31.064918,35.025862,693288.91,3438560.30,28.90
001027-074430-00030-X,"הגפן 30, דימונה",דימונה,הגפן,30,,8602814,exact,202449.18,552675.94,31.065151,35.026244,693324.88,3438586.72,OK,31.064918,35.025862,693288.91,3438560.30,44.63
001027-074430-00031-X,"הגפן 31, דימונה",דימונה,הגפן,31,,8602815,none,,,,,,,OK,31.064918,35.025862,693288.91,3438560.30,
001027-074430-00032-X,"הגפן 32, דימונה",דימונה,הגפן,32,,8602816,exact,202440.55,552670.84,31.065105,35.026154,693316.35,3438581.44,OK,31.064918,35.025862,693288.91,3438560.30,34.64
001027-074430-00033-X,"הגפן 33, דימונה",דימונה,הגפן,33,,8602817,exact,202419.70,552621.46,31.064659,35.025936,693296.48,3438531.65,OK,31.064918,35.025862,693288.91,3438560.30,29.63
001027-074430-00034-X,"הגפן 34, דימונה",דימונה,הגפן,34,,8602818,exact,202423.19,552668.54,31.065084,35.025972,693299.04,3438578.80,OK,31.064918,35.025862,693288.91,3438560.30,21.09
001027-074430-00035-X,"הגפן 35, דימונה",דימונה,הגפן,35,,8602819,exact,202391.27,552627.79,31.064716,35.025638,693267.92,3438537.43,OK,31.064918,35.025862,693288.91,3438560.30,31.04
001027-074430-00036-X,"הגפן 36, דימונה",דימונה,הגפן,36,,8602820,exact,202399.89,552663.89,31.065041,35.025728,693275.83,3438573.69,OK,31.064918,35.025862,693288.91,3438560.30,18.72
001027-074430-00037-X,"הגפן 37, דימונה",דימונה,הגפן,37,,8602821,none,,,,,,,OK,31.064918,35.025862,693288.91,3438560.30,
001027-074430-00040-X,"הגפן 40, דימונה",דימונה,הגפן,40,,8602824,exact,202375.91,552650.72,31.064922,35.025477,693252.12,3438560.04,OK,31.064918,35.025862,693288.91,3438560.30,36.80
001027-074430-00041-X,"הגפן 41, דימונה",דימונה,הגפן,41,,8602825,exact,202352.54,552610.90,31.064563,35.025233,693229.54,3438519.77,OK,31.064918,35.025862,693288.91,3438560.30,71.88
001027-074430-00042-X,"הגפן 42, דימונה",דימונה,הגפן,42,,8602826,exact,202352.88,552650.35,31.064918,35.025235,693229.09,3438559.22,OK,31.064918,35.025862,693288.91,3438560.30,59.83
001027-074430-00043-X,"הגפן 43, דימונה",דימונה,הגפן,43,,8602827,exact,202329.02,552599.77,31.064462,35.024986,693206.24,3438508.17,OK,31.064918,35.025862,693288.91,3438560.30,97.73
001027-074430-00044-X,"הגפן 44, דימונה",דימונה,הגפן,44,,8602828,exact,202340.20,552636.36,31.064792,35.025103,693216.70,3438544.98,OK,31.064918,35.025862,693288.91,3438560.30,73.82
001027-074430-00045-X,"הגפן 45, דימונה",דימונה,הגפן,45,,8602829,exact,202313.72,552591.61,31.064388,35.024826,693191.11,3438499.71,OK,31.064918,35.025862,693288.91,3438560.30,115.05
001027-074430-00046-X,"הגפן 46, דימונה",דימונה,הגפן,46,,8602830,exact,202325.72,552630.49,31.064739,35.024951,693202.33,3438538.82,OK,31.064918,35.025862,693288.91,3438560.30,89.20
001027-074430-00048-X,"הגפן 48, דימונה",דימונה,הגפן,48,,8602832,none,,,,,,,OK,31.064918,35.025862,693288.91,3438560.30,
001027-074430-00049-X,"הגפן 49, דימונה",דימונה,הגפן,49,,8602833,exact,202285.69,552573.12,31.064221,35.024533,693163.45,3438480.67,OK,31.064918,35.025862,693288.91,3438560.30,148.60
001027-074430-00050-X,"הגפן 50, דימונה",דימונה,הגפן,50,,8602834,none,,,,,,,OK,31.064918,35.025862,693288.91,3438560.30,
001027-074430-00051-X,"הגפן 51, דימונה",דימונה,הגפן,51,,8602835,exact,202269.86,552567.27,31.064168,35.024367,693147.74,3438474.51,OK,31.064918,35.025862,693288.91,3438560.30,165.20
001027-074730-00000-X,"האשל, דימונה",דימונה,האשל,,,8602500,street,202817.04,552828.53,31.066532,35.030096,693689.65,3438746.59,OK,31.066610,35.029793,693660.59,3438754.65,30.16
001027-074730-00016-X,"האשל 16, דימונה",דימונה,האשל,16,,8602501,exact,202783.89,552847.77,31.066705,35.029748,693656.12,3438765.16,OK,31.066610,35.029793,693660.59,3438754.65,11.43
001027-074730-00552-X,"האשל 552, דימונה",דימונה,האשל,552,,8602502,street,202817.04,552828.53,31.066532,35.030096,693689.65,3438746.59,OK,31.066610,35.029793,693660.59,3438754.65,30.16
001027-074730-00554-X,"האשל 554, דימונה",דימונה,האשל,554,,8602504,street,202817.04,552828.53,31.066532,35.030096,693689.65,3438746.59,OK,31.066610,35.029793,693660.59,3438754.65,30.16
001027-074730-00555-X,"האשל 555, דימונה",דימונה,האשל,555,,8602505,street,202817.04,552828.53,31.066532,35.030096,693689.65,3438746.59,OK,31.066610,35.029793,693660.59,3438754.65,30.16
001027-074730-00557-X,"האשל 557, דימונה",דימונה,האשל,557,,8602507,street,202817.04,552828.53,31.066532,35.030096,693689.65,3438746.59,OK,31.066610,35.029793,693660.59,3438754.65,30.16
001027-074730-00558-X,"האשל 558, דימונה",דימונה,האשל,558,,8602508,street,202817.04,552828.53,31.066532,35.030096,693689.65,3438746.59,OK,31.066610,35.029793,693660.59,3438754.65,30.16
001027-074730-00560-X,"האשל 560, דימונה",דימונה,האשל,560,,8602510,street,202817.04,552828.53,31.066532,35.030096,693689.65,3438746.59,OK,31.066610,35.029793,693660.59,3438754.65,30.16
001027-074730-00561-X,"האשל 561, דימונה",דימונה,האשל,561,,8602511,street,202817.04,552828.53,31.066532,35.030096,693689.65,3438746.59,OK,31.066610,35.029793,693660.59,3438754.65,30.16
001027-074730-00562-X,"האשל 562, דימונה",דימונה,האשל,562,,8602512,street,202817.04,552828.53,31.066532,35.030096,693689.65,3438746.59,OK,31.066610,35.029793,693660.59,3438754.65,30.16
001027-074730-00563-X,"האשל 563, דימונה",דימונה,האשל,563,,8602513,street,202817.04,552828.53,31.066532,35.030096,693689.65,3438746.59,OK,31.066610,35.029793,693660.59,3438754.65,30.16
001027-074730-00564-X,"האשל 564, דימונה",דימונה,האשל,564,,8602514,street,202817.04,552828.53,31.066532,35.030096,693689.65,3438746.59,OK,31.066610,35.029793,693660.59,3438754.65,30.16
001027-074730-00566-X,"האשל 566, דימונה",דימונה,האשל,566,,8602516,street,202817.04,552828.53,31.066532,35.030096,693689.65,3438746.59,OK,31.066610,35.029793,693660.59,3438754.65,30.16
001027-074730-00567-X,"האשל 567, דימונה",דימונה,האשל,567,,8602517,street,202817.04,552828.53,31.066532,35.030096,693689.65,3438746.59,OK,31.066610,35.029793,693660.59,3438754.65,30.16
001027-074730-00568-X,"האשל 568, דימונה",דימונה,האשל,568,,8602518,street,202817.04,552828.53,31.066532,35.030096,693689.65,3438746.59,OK,31.066610,35.029793,693660.59,3438754.65,30.16
001027-074730-00569-X,"האשל 569, דימונה",דימונה,האשל,569,,8602519,street,202817.04,552828.53,31.066532,35.030096,693689.65,3438746.59,OK,31.066610,35.029793,693660.59,3438754.65,30.16
001027-074730-00570-X,"האשל 570, דימונה",דימונה,האשל,570,,8602520,street,202817.04,552828.53,31.066532,35.030096,693689.65,3438746.59,OK,31.066610,35.029793,693660.59,3438754.65,30.16
001027-075069-00010-X,"ההדס 10, דימונה",דימונה,ההדס,10,,8602836,exact,202820.66,552615.19,31.064608,35.030137,693697.51,3438533.35,OK,31.065160,35.030080,693690.90,3438594.46,61.46
001027-075069-00521-X,"ההדס 521, דימונה",דימונה,ההדס,521,,8602837,street,202812.20,552635.35,31.064790,35.030048,693688.65,3438553.34,OK,31.065160,35.030080,693690.90,3438594.46,41.18
001027-075069-00522-X,"ההדס 522, דימונה",דימונה,ההדס,522,,8602838,street,202812.20,552635.35,31.064790,35.030048,693688.65,3438553.34,OK,31.065160,35.030080,693690.90,3438594.46,41.18
001027-075069-00524-X,"ההדס 524, דימונה",דימונה,ההדס,524,,8602840,street,202812.20,552635.35,31.064790,35.030048,693688.65,3438553.34,OK,31.065160,35.030080,693690.90,3438594.46,41.18
001027-075069-00525-X,"ההדס 525, דימונה",דימונה,ההדס,525,,8602841,street,202812.20,552635.35,31.064790,35.030048,693688.65,3438553.34,OK,31.065160,35.030080,693690.90,3438594.46,41.18
001027-075069-00526-X,"ההדס 526, דימונה",דימונה,ההדס,526,,8602842,street,202812.20,552635.35,31.064790,35.030048,693688.65,3438553.34,OK,31.065160,35.030080,693690.90,3438594.46,41.18
001027-075069-00530-X,"ההדס 530, דימונה",דימונה,ההדס,530,,8602843,street,202812.20,552635.35,31.064790,35.030048,693688.65,3438553.34,OK,31.065160,35.030080,693690.90,3438594.46,41.18
001027-075069-00531-X,"ההדס 531, דימונה",דימונה,ההדס,531,,8602844,street,202812.20,552635.35,31.064790,35.030048,693688.65,3438553.34,OK,31.065160,35.030080,693690.90,3438594.46,41.18
001027-075520-00000-X,"שד גולדה מאיר, דימונה",דימונה,שד גולדה מאיר,,,8605800,street,202958.41,553726.62,31.074634,35.031562,693813.16,3439647.35,OK,31.068233,35.032140,693881.27,3438938.70,711.91
001027-075520-00149-X,"שד גולדה מאיר 149, דימונה",דימונה,שד גולדה מאיר,149,,8605887,exact,202919.22,553876.87,31.075989,35.031149,693771.00,3439796.80,OK,31.068233,35.032140,693881.27,3438938.70,865.15
001027-075520-01001-X,"שד גולדה מאיר 1001, דימונה",דימונה,שד גולדה מאיר,1001,,8605801,street,202958.41,553726.62,31.074634,35.031562,693813.16,3439647.35,OK,31.068478,35.031884,693856.34,3438965.42,683.30
001027-075520-01001-ב,"שד גולדה מאיר 1001ב, דימונה",דימונה,שד גולדה מאיר,1001,ב,8605803,street,202958.41,553726.62,31.074634,35.031562,693813.16,3439647.35,ZERO_RESULTS,,,,,
001027-075520-01002-א,"שד גולדה מאיר 1002א, דימונה",דימונה,שד גולדה מאיר,1002,א,8605805,street,202958.41,553726.62,31.074634,35.031562,693813.16,3439647.35,ZERO_RESULTS,,,,,
001027-075520-01002-ג,"שד גולדה מאיר 1002ג, דימונה",דימונה,שד גולדה מאיר,1002,ג,8605807,street,202958.41,553726.62,31.074634,35.031562,693813.16,3439647.35,ZERO_RESULTS,,,,,
001027-075520-01003-א,"שד גולדה מאיר 1003א, דימונה",דימונה,שד גולדה מאיר,1003,א,8605810,street,202958.41,553726.62,31.074634,35.031562,693813.16,3439647.35,ZERO_RESULTS,,,,,
001027-075520-01004-X,"שד גולדה מאיר 1004, דימונה",דימונה,שד גולדה מאיר,1004,,8605814,street,202958.41,553726.62,31.074634,35.031562,693813.16,3439647.35,OK,31.068233,35.032140,693881.27,3438938.70,711.91
001027-075520-01004-א,"שד גולדה מאיר 1004א, דימונה",דימונה,שד גולדה מאיר,1004,א,8605815,street,202958.41,553726.62,31.074634,35.031562,693813.16,3439647.35,ZERO_RESULTS,,,,,
001027-075520-01004-ג,"שד גולדה מאיר 1004ג, דימונה",דימונה,שד גולדה מאיר,1004,ג,8605817,street,202958.41,553726.62,31.074634,35.031562,693813.16,3439647.35,ZERO_RESULTS,,,,,
001027-075520-01005-X,"שד גולדה מאיר 1005, דימונה",דימונה,שד גולדה מאיר,1005,,8605818,street,202958.41,553726.62,31.074634,35.031562,693813.16,3439647.35,OK,31.068233,35.032140,693881.27,3438938.70,711.91
001027-075520-01005-א,"שד גולדה מאיר 1005א, דימונה",דימונה,שד גולדה מאיר,1005,א,8605819,street,202958.41,553726.62,31.074634,35.031562,693813.16,3439647.35,ZERO_RESULTS,,,,,
001027-075520-01006-X,"שד גולדה מאיר 1006, דימונה",דימונה,שד גולדה מאיר,1006,,8605822,street,202958.41,553726.62,31.074634,35.031562,693813.16,3439647.35,OK,31.068233,35.032140,693881.27,3438938.70,711.91
001027-075520-01006-א,"שד גולדה מאיר 1006א, דימונה",דימונה,שד גולדה מאיר,1006,א,8605823,street,202958.41,553726.62,31.074634,35.031562,693813.16,3439647.35,ZERO_RESULTS,,,,,
001027-075520-01006-ב,"שד גולדה מאיר 1006ב, דימונה",דימונה,שד גולדה מאיר,1006,ב,8605824,street,202958.41,553726.62,31.074634,35.031562,693813.16,3439647.35,ZERO_RESULTS,,,,,
001027-075520-01007-X,"שד גולדה מאיר 1007, דימונה",דימונה,שד גולדה מאיר,1007,,8605826,street,202958.41,553726.62,31.074634,35.031562,693813.16,3439647.35,OK,31.068233,35.032140,693881.27,3438938.70,711.91
001027-075520-01007-א,"שד גולדה מאיר 1007א, דימונה",דימונה,שד גולדה מאיר,1007,א,8605827,street,202958.41,553726.62,31.074634,35.031562,693813.16,3439647.35,ZERO_RESULTS,,,,,
001027-075520-01007-ד,"שד גולדה מאיר 1007ד, דימונה",דימונה,שד גולדה מאיר,1007,ד,8605830,street,202958.41,553726.62,31.074634,35.031562,693813.16,3439647.35,ZERO_RESULTS,,,,,
001027-075520-01007-ה,"שד גולדה מאיר 1007ה, דימונה",דימונה,שד גולדה מאיר,1007,ה,8605831,street,202958.41,553726.62,31.074634,35.031562,693813.16,3439647.35,ZERO_RESULTS,,,,,
001027-075520-01020-X,"שד גולדה מאיר 1020, דימונה",דימונה,שד גולדה מאיר,1020,,8605832,street,202958.41,553726.62,31.074634,35.031562,693813.16,3439647.35,OK,31.068478,35.031884,693856.34,3438965.42,683.30
001027-075520-01020-א,"שד גולדה מאיר 1020א, דימונה",דימונה,שד גולדה מאיר,1020,א,8605833,street,202958.41,553726.62,31.074634,35.031562,693813.16,3439647.35,ZERO_RESULTS,,,,,
001027-075520-01020-ב,"שד גולדה מאיר 1020ב, דימונה",דימונה,שד גולדה מאיר,1020,ב,8605834,street,202958.41,553726.62,31.074634,35.031562,693813.16,3439647.35,ZERO_RESULTS,,,,,
001027-075520-01020-ג,"שד גולדה מאיר 1020ג, דימונה",דימונה,שד גולדה מאיר,1020,ג,8605835,street,202958.41,553726.62,31.074634,35.031562,693813.16,3439647.35,ZERO_RESULTS,,,,,
001027-075520-01020-ד,"שד גולדה מאיר 1020ד, דימונה",דימונה,שד גולדה מאיר,1020,ד,8605836,street,202958.41,553726.62,31.074634,35.031562,693813.16,3439647.35,ZERO_RESULTS,,,,,
001027-075520-01021-ב,"שד גולדה מאיר 1021ב, דימונה",דימונה,שד גולדה מאיר,1021,ב,8605839,street,202958.41,553726.62,31.074634,35.031562,693813.16,3439647.35,ZERO_RESULTS,,,,,
001027-075520-01021-ה,"שד גולדה מאיר 1021ה, דימונה",דימונה,שד גולדה מאיר,1021,ה,8605842,street,202958.41,553726.62,31.074634,35.031562,693813.16,3439647.35,ZERO_RESULTS,,,,,
001027-075520-01022-X,"שד גולדה מאיר 1022, דימונה",דימונה,שד גולדה מאיר,1022,,8605844,street,202958.41,553726.62,31.074634,35.031562,693813.16,3439647.35,OK,31.068233,35.032140,693881.27,3438938.70,711.91
001027-075520-01022-א,"שד גולדה מאיר 1022א, דימונה",דימונה,שד גולדה מאיר,1022,א,8605845,street,202958.41,553726.62,31.074634,35.031562,693813.16,3439647.35,ZERO_RESULTS,,,,,
001027-075520-01022-ג,"שד גולדה מאיר 1022ג, דימונה",דימונה,שד גולדה מאיר,1022,ג,8605847,street,202958.41,553726.62,31.074634,35.031562,693813.16,3439647.35,ZERO_RESULTS,,,,,
001027-075520-01022-ד,"שד גולדה מאיר 1022ד, דימונה",דימונה,שד גולדה מאיר,1022,ד,8605848,street,202958.41,553726.62,31.074634,35.031562,693813.16,3439647.35,ZERO_RESULTS,,,,,
001027-075520-01022-ה,"שד גולדה מאיר 1022ה, דימונה",דימונה,שד גולדה מאיר,1022,ה,8605849,street,202958.41,553726.62,31.074634,35.031562,693813.16,3439647.35,ZERO_RESULTS,,,,,
001027-075520-01022-ו,"שד גולדה מאיר 1022ו, דימונה",דימונה,שד גולדה מאיר,1022,ו,8605850,street,202958.41,553726.62,31.074634,35.031562,693813.16,3439647.35,ZERO_RESULTS,,,,,
001027-075520-01023-X,"שד גולדה מאיר 1023, דימונה",דימונה,שד גולדה מאיר,1023,,8605852,street,202958.41,553726.62,31.074634,35.031562,693813.16,3439647.35,OK,31.068233,35.032140,693881.27,3438938.70,711.91
001027-075520-01023-א,"שד גולדה מאיר 1023א, דימונה",דימונה,שד גולדה מאיר,1023,א,8605853,street,202958.41,553726.62,31.074634,35.031562,693813.16,3439647.35,ZERO_RESULTS,,,,,
001027-075520-01023-ב,"שד גולדה מאיר 1023ב, דימונה",דימונה,שד גולדה מאיר,1023,ב,8605854,street,202958.41,553726.62,31.074634,35.031562,693813.16,3439647.35,ZERO_RESULTS,,,,,
001027-075520-01023-ג,"שד גולדה מאיר 1023ג, דימונה",דימונה,שד גולדה מאיר,1023,ג,8605855,street,202958.41,553726.62,31.074634,35.031562,693813.16,3439647.35,ZERO_RESULTS,,,,,
001027-075520-01023-ד,"שד גולדה מאיר 1023ד, דימונה",דימונה,שד גולדה מאיר,1023,ד,8605856,street,202958.41,553726.62,31.074634,35.031562,693813.16,3439647.35,ZERO_RESULTS,,,,,
001027-075520-01033-X,"שד גולדה מאיר 1033, דימונה",דימונה,שד גולדה מאיר,1033,,8605857,street,202958.41,553726.62,31.074634,35.031562,693813.16,3439647.35,OK,31.068233,35.032140,693881.27,3438938.70,711.91
001027-075520-01033-א,"שד גולדה מאיר 1033א, דימונה",דימונה,שד גולדה מאיר,1033,א,8605858,street,202958.41,553726.62,31.074634,35.031562,693813.16,3439647.35,ZERO_RESULTS,,,,,
001027-075520-01033-ב,"שד גולדה מאיר 1033ב, דימונה",דימונה,שד גולדה מאיר,1033,ב,8605859,street,202958.41,553726.62,31.074634,35.031562,693813.16,3439647.35,ZERO_RESULTS,,,,,
001027-075520-01033-ג,"שד גולדה מאיר 1033ג, דימונה",דימונה,שד גולדה מאיר,1033,ג,8605860,street,202958.41,553726.62,31.074634,35.031562,693813.16,3439647.35,ZERO_RESULTS,,,,,
001027-075520-01033-ד,"שד גולדה מאיר 1033ד, דימונה",דימונה,שד גולדה מאיר,1033,ד,8605861,street,202958.41,553726.62,31.074634,35.031562,693813.16,3439647.35,ZERO_RESULTS,,,,,
001027-075520-01034-X,"שד גולדה מאיר 1034, דימונה",דימונה,שד גולדה מאיר,1034,,8605862,exact,202946.47,553619.45,31.073668,35.031439,693803.35,3439539.96,OK,31.068478,35.031884,693856.34,3438965.42,576.98
001027-075520-01034-א,"שד גולדה מאיר 1034א, דימונה",דימונה,שד גולדה מאיר,1034,א,8605863,street,202958.41,553726.62,31.074634,35.031562,693813.16,3439647.35,ZERO_RESULTS,,,,,
001027-075520-01034-ב,"שד גולדה מאיר 1034ב, דימונה",דימונה,שד גולדה מאיר,1034,ב,8605864,exact,202946.47,553619.45,31.073668,35.031439,693803.35,3439539.96,ZERO_RESULTS,,,,,
001027-075520-01034-ג,"שד גולדה מאיר 1034ג, דימונה",דימונה,שד גולדה מאיר,1034,ג,8605865,exact,202946.47,553619.45,31.073668,35.031439,693803.35,3439539.96,ZERO_RESULTS,,,,,
001027-075520-01034-ד,"שד גולדה מאיר 1034ד, דימונה",דימונה,שד גולדה מאיר,1034,ד,8605866,exact,202946.47,553619.45,31.073668,35.031439,693803.35,3439539.96,ZERO_RESULTS,,,,,
001027-075520-01034-ה,"שד גולדה מאיר 1034ה, דימונה",דימונה,שד גולדה מאיר,1034,ה,8605867,exact,202946.47,553619.45,31.073668,35.031439,693803.35,3439539.96,ZERO_RESULTS,,,,,
001027-075520-01034-ו,"שד גולדה מאיר 1034ו, דימונה",דימונה,שד גולדה מאיר,1034,ו,8605868,exact,202946.47,553619.45,31.073668,35.031439,693803.35,3439539.96,ZERO_RESULTS,,,,,
001027-075520-04021-א,"שד גולדה מאיר 4021א, דימונה",דימונה,שד גולדה מאיר,4021,א,8605870,street,202958.41,553726.62,31.074634,35.031562,693813.16,3439647.35,ZERO_RESULTS,,,,,
001027-075520-04021-ב,"שד גולדה מאיר 4021ב, דימונה",דימונה,שד גולדה מאיר,4021,ב,8605871,street,202958.41,553726.62,31.074634,35.031562,693813.16,3439647.35,ZERO_RESULTS,,,,,
001027-075520-04021-ג,"שד גולדה מאיר 4021ג, דימונה",דימונה,שד גולדה מאיר,4021,ג,8605872,street,202958.41,553726.62,31.074634,35.031562,693813.16,3439647.35,ZERO_RESULTS,,,,,
001027-075520-04021-ה,"שד גולדה מאיר 4021ה, דימונה",דימונה,שד גולדה מאיר,4021,ה,8605874,street,202958.41,553726.62,31.074634,35.031562,693813.16,3439647.35,ZERO_RESULTS,,,,,
001027-075677-00006-X,"השבלים 6, דימונה",דימונה,השבלים,6,,8603101,exact,202842.00,552481.74,31.063405,35.030363,693721.49,3438400.35,ZERO_RESULTS,,,,,
001027-075677-00062-X,"השבלים 62, דימונה",דימונה,השבלים,62,,8603174,street,202629.69,552490.53,31.063481,35.028138,693509.04,3438404.91,ZERO_RESULTS,,,,,
001027-075677-00325-X,"השבלים 325, דימונה",דימונה,השבלים,325,,8602751,street,202629.69,552490.53,31.063481,35.028138,693509.04,3438404.91,ZERO_RESULTS,,,,,
001027-075677-00327-X,"השבלים 327, דימונה",דימונה,השבלים,327,,8602752,street,202629.69,552490.53,31.063481,35.028138,693509.04,3438404.91,ZERO_RESULTS,,,,,
001027-075677-00329-X,"השבלים 329, דימונה",דימונה,השבלים,329,,8602753,street,202629.69,552490.53,31.063481,35.028138,693509.04,3438404.91,ZERO_RESULTS,,,,,
001027-075677-00331-X,"השבלים 331, דימונה",דימונה,השבלים,331,,8602754,street,202629.69,552490.53,31.063481,35.028138,693509.04,3438404.91,ZERO_RESULTS,,,,,
001027-075677-00333-X,"השבלים 333, דימונה",דימונה,השבלים,333,,8602755,street,202629.69,552490.53,31.063481,35.028138,693509.04,3438404.91,ZERO_RESULTS,,,,,
001027-075677-00335-X,"השבלים 335, דימונה",דימונה,השבלים,335,,8602756,street,202629.69,552490.53,31.063481,35.028138,693509.04,3438404.91,ZERO_RESULTS,,,,,
001027-075677-00337-X,"השבלים 337, דימונה",דימונה,השבלים,337,,8602757,street,202629.69,552490.53,31.063481,35.028138,693509.04,3438404.91,ZERO_RESULTS,,,,,
001027-075677-00339-X,"השבלים 339, דימונה",דימונה,השבלים,339,,8602758,street,202629.69,552490.53,31.063481,35.028138,693509.04,3438404.91,ZERO_RESULTS,,,,,
001027-075677-00341-X,"השבלים 341, דימונה",דימונה,השבלים,341,,8602759,street,202629.69,552490.53,31.063481,35.028138,693509.04,3438404.91,ZERO_RESULTS,,,,,
001027-075677-00343-X,"השבלים 343, דימונה",דימונה,השבלים,343,,8602760,street,202629.69,552490.53,31.063481,35.028138,693509.04,3438404.91,ZERO_RESULTS,,,,,
001027-075677-00345-X,"השבלים 345, דימונה",דימונה,השבלים,345,,8602761,street,202629.69,552490.53,31.063481,35.028138,693509.04,3438404.91,ZERO_RESULTS,,,,,
001027-075677-00347-X,"השבלים 347, דימונה",דימונה,השבלים,347,,8602762,street,202629.69,552490.53,31.063481,35.028138,693509.04,3438404.91,ZERO_RESULTS,,,,,
001027-075677-00349-X,"השבלים 349, דימונה",דימונה,השבלים,349,,8602763,street,202629.69,552490.53,31.063481,35.028138,693509.04,3438404.91,ZERO_RESULTS,,,,,
001027-075677-00353-X,"השבלים 353, דימונה",דימונה,השבלים,353,,8602765,street,202629.69,552490.53,31.063481,35.028138,693509.04,3438404.91,ZERO_RESULTS,,,,,
001027-075677-00355-X,"השבלים 355, דימונה",דימונה,השבלים,355,,8602766,street,202629.69,552490.53,31.063481,35.028138,693509.04,3438404.91,ZERO_RESULTS,,,,,
001027-075677-00357-X,"השבלים 357, דימונה",דימונה,השבלים,357,,8602767,street,202629.69,552490.53,31.063481,35.028138,693509.04,3438404.91,ZERO_RESULTS,,,,,
001027-075677-00359-X,"השבלים 359, דימונה",דימונה,השבלים,359,,8602768,street,202629.69,552490.53,31.063481,35.028138,693509.04,3438404.91,ZERO_RESULTS,,,,,
001027-075677-00363-X,"השבלים 363, דימונה",דימונה,השבלים,363,,8602770,street,202629.69,552490.53,31.063481,35.028138,693509.04,3438404.91,ZERO_RESULTS,,,,,
001027-075677-00367-X,"השבלים 367, דימונה",דימונה,השבלים,367,,8602772,street,202629.69,552490.53,31.063481,35.028138,693509.04,3438404.91,ZERO_RESULTS,,,,,
001027-075677-00371-X,"השבלים 371, דימונה",דימונה,השבלים,371,,8602774,street,202629.69,552490.53,31.063481,35.028138,693509.04,3438404.91,ZERO_RESULTS,,,,,
001027-075677-00373-X,"השבלים 373, דימונה",דימונה,השבלים,373,,8602775,street,202629.69,552490.53,31.063481,35.028138,693509.04,3438404.91,ZERO_RESULTS,,,,,
001027-075677-00377-X,"השבלים 377, דימונה",דימונה,השבלים,377,,8602777,street,202629.69,552490.53,31.063481,35.028138,693509.04,3438404.91,ZERO_RESULTS,,,,,
001027-075677-00379-X,"השבלים 379, דימונה",דימונה,השבלים,379,,8602778,street,202629.69,552490.53,31.063481,35.028138,693509.04,3438404.91,ZERO_RESULTS,,,,,
001027-075677-00387-X,"השבלים 387, דימונה",דימונה,השבלים,387,,8602782,street,202629.69,552490.53,31.063481,35.028138,693509.04,3438404.91,ZERO_RESULTS,,,,,
001027-075677-00389-X,"השבלים 389, דימונה",דימונה,השבלים,389,,8602783,street,202629.69,552490.53,31.063481,35.028138,693509.04,3438404.91,ZERO_RESULTS,,,,,
001027-075677-00391-X,"השבלים 391, דימונה",דימונה,השבלים,391,,8602784,street,202629.69,552490.53,31.063481,35.028138,693509.04,3438404.91,ZERO_RESULTS,,,,,
001027-075677-00393-X,"השבלים 393, דימונה",דימונה,השבלים,393,,8602785,street,202629.69,552490.53,31.063481,35.028138,693509.04,3438404.91,ZERO_RESULTS,,,,,
001027-075677-00397-X,"השבלים 397, דימונה",דימונה,השבלים,397,,8602787,street,202629.69,552490.53,31.063481,35.028138,693509.04,3438404.91,ZERO_RESULTS,,,,,
001027-075677-00399-X,"השבלים 399, דימונה",דימונה,השבלים,399,,8602788,street,202629.69,552490.53,31.063481,35.028138,693509.04,3438404.91,ZERO_RESULTS,,,,,
001027-075677-00401-X,"השבלים 401, דימונה",דימונה,השבלים,401,,8602789,street,202629.69,552490.53,31.063481,35.028138,693509.04,3438404.91,ZERO_RESULTS,,,,,
001027-075677-00403-X,"השבלים 403, דימונה",דימונה,השבלים,403,,8602790,street,202629.69,552490.53,31.063481,35.028138,693509.04,3438404.91,ZERO_RESULTS,,,,,
001027-075677-00407-X,"השבלים 407, דימונה",דימונה,השבלים,407,,8602792,street,202629.69,552490.53,31.063481,35.028138,693509.04,3438404.91,ZERO_RESULTS,,,,,
001027-075911-00002-X,"הרימון 2, דימונה",דימונה,הרימון,2,,8602845,exact,202651.60,552570.26,31.064200,35.028367,693529.36,3438485.07,OK,31.063935,35.026963,693395.96,3438453.16,137.16
001027-075911-00004-X,"הרימון 4, דימונה",דימונה,הרימון,4,,8602846,exact,202646.34,552564.82,31.064151,35.028312,693524.21,3438479.52,OK,31.063935,35.026963,693395.96,3438453.16,130.93
001027-075911-00006-X,"הרימון 6, דימונה",דימונה,הרימון,6,,8602847,exact,202626.16,552562.31,31.064128,35.028100,693504.08,3438476.62,OK,31.063935,35.026963,693395.96,3438453.16,110.63
001027-075911-00007-X,"הרימון 7, דימונה",דימונה,הרימון,7,,8602848,exact,202562.58,552536.46,31.063894,35.027434,693441.03,3438449.50,OK,31.063935,35.026963,693395.96,3438453.16,45.21
001027-075911-00008-X,"הרימון 8, דימונה",דימונה,הרימון,8,,8602849,exact,202617.32,552566.29,31.064164,35.028008,693495.17,3438480.42,OK,31.063935,35.026963,693395.96,3438453.16,102.89
001027-075911-00010-X,"הרימון 10, דימונה",דימונה,הרימון,10,,8602851,none,,,,,,,OK,31.063935,35.026963,693395.96,3438453.16,
001027-075911-00011-X,"הרימון 11, דימונה",דימונה,הרימון,11,,8602852,exact,202526.39,552527.99,31.063817,35.027055,693405.01,3438440.32,OK,31.063935,35.026963,693395.96,3438453.16,15.71
001027-075911-00013-X,"הרימון 13, דימונה",דימונה,הרימון,13,,8602854,exact,202507.40,552524.18,31.063783,35.026857,693386.10,3438436.13,OK,31.063935,35.026963,693395.96,3438453.16,19.68
001027-075911-00014-X,"הרימון 14, דימונה",דימונה,הרימון,14,,8602855,exact,202576.77,552566.23,31.064163,35.027583,693454.62,3438479.55,OK,31.063935,35.026963,693395.96,3438453.16,64.32
001027-075911-00015-X,"הרימון 15, דימונה",דימונה,הרימון,15,,8602856,exact,202491.35,552519.39,31.063739,35.026688,693370.15,3438431.02,OK,31.063935,35.026963,693395.96,3438453.16,34.01
001027-075911-00016-X,"הרימון 16, דימונה",דימונה,הרימון,16,,8602857,exact,202556.49,552562.79,31.064132,35.027370,693434.42,3438475.71,OK,31.063935,35.026963,693395.96,3438453.16,44.58
001027-075911-00019-X,"הרימון 19, דימונה",דימונה,הרימון,19,,8602860,exact,202441.11,552497.50,31.063541,35.026162,693320.35,3438408.14,OK,31.063935,35.026963,693395.96,3438453.16,88.00
001027-075911-00020-X,"הרימון 20, דימונה",דימונה,הרימון,20,,8602861,exact,202522.22,552554.62,31.064058,35.027011,693400.31,3438466.86,OK,31.063935,35.026963,693395.96,3438453.16,14.37
001027-075911-00021-X,"הרימון 21, דימונה",דימונה,הרימון,21,,8602862,exact,202421.13,552493.75,31.063507,35.025953,693300.45,3438404.00,OK,31.063935,35.026963,693395.96,3438453.16,107.42
001027-075911-00022-X,"הרימון 22, דימונה",דימונה,הרימון,22,,8602863,none,,,,,,,OK,31.063935,35.026963,693395.96,3438453.16,
001027-075911-00023-X,"הרימון 23, דימונה",דימונה,הרימון,23,,8602864,exact,202401.25,552490.11,31.063474,35.025745,693280.64,3438399.97,OK,31.063935,35.026963,693395.96,3438453.16,127.00
001027-075911-00024-X,"הרימון 24, דימונה",דימונה,הרימון,24,,8602865,exact,202489.92,552544.76,31.063968,35.026673,693368.21,3438456.37,OK,31.063935,35.026963,693395.96,3438453.16,27.93
001027-075911-00026-X,"הרימון 26, דימונה",דימונה,הרימון,26,,8602866,exact,202480.30,552536.94,31.063897,35.026572,693358.74,3438448.36,OK,31.063935,35.026963,693395.96,3438453.16,37.52
001027-075911-00032-X,"הרימון 32, דימונה",דימונה,הרימון,32,,8602868,exact,202423.45,552527.10,31.063808,35.025977,693302.10,3438437.39,OK,31.063935,35.026963,693395.96,3438453.16,95.17
001027-075911-00034-X,"הרימון 34, דימונה",דימונה,הרימון,34,,8602869,exact,202409.17,552519.98,31.063743,35.025827,693287.97,3438429.99,OK,31.063935,35.026963,693395.96,3438453.16,110.45
001027-075911-00036-X,"הרימון 36, דימונה",דימונה,הרימון,36,,8602870,exact,202392.75,552518.14,31.063727,35.025655,693271.59,3438427.82,OK,31.063935,35.026963,693395.96,3438453.16,126.93
001027-075911-00266-X,"הרימון 266, דימונה",דימונה,הרימון,266,,8602871,none,,,,,,,OK,31.063935,35.026963,693395.96,3438453.16,
001027-075911-00268-X,"הרימון 268, דימונה",דימונה,הרימון,268,,8602872,none,,,,,,,OK,31.063935,35.026963,693395.96,3438453.16,
001027-075911-00270-X,"הרימון 270, דימונה",דימונה,הרימון,270,,8602873,none,,,,,,,OK,31.063935,35.026963,693395.96,3438453.16,
001027-075911-00274-X,"הרימון 274, דימונה",דימונה,הרימון,274,,8602875,none,,,,,,,OK,31.063935,35.026963,693395.96,3438453.16,
001027-075911-00276-X,"הרימון 276, דימונה",דימונה,הרימון,276,,8602876,none,,,,,,,OK,31.063935,35.026963,693395.96,3438453.16,
001027-075911-00278-X,"הרימון 278, דימונה",דימונה,הרימון,278,,8602877,none,,,,,,,OK,31.063935,35.026963,693395.96,3438453.16,
001027-075911-00286-X,"הרימון 286, דימונה",דימונה,הרימון,286,,8602881,none,,,,,,,OK,31.063935,35.026963,693395.96,3438453.16,
001027-075911-00288-X,"הרימון 288, דימונה",דימונה,הרימון,288,,8602882,none,,,,,,,OK,31.063935,35.026963,693395.96,3438453.16,
001027-075911-00294-X,"הרימון 294, דימונה",דימונה,הרימון,294,,8602885,none,,,,,,,OK,31.063935,35.026963,693395.96,3438453.16,
001027-075911-00298-X,"הרימון 298, דימונה",דימונה,הרימון,298,,8602887,none,,,,,,,OK,31.063935,35.026963,693395.96,3438453.16,
001027-075911-00299-X,"הרימון 299, דימונה",דימונה,הרימון,299,,8602888,none,,,,,,,OK,31.063935,35.026963,693395.96,3438453.16,
001027-075911-00302-X,"הרימון 302, דימונה",דימונה,הרימון,302,,8602891,none,,,,,,,OK,31.063935,35.026963,693395.96,3438453.16,
001027-075911-00303-X,"הרימון 303, דימונה",דימונה,הרימון,303,,8602892,none,,,,,,,OK,31.063935,35.026963,693395.96,3438453.16,
001027-075911-00304-X,"הרימון 304, דימונה",דימונה,הרימון,304,,8602893,none,,,,,,,OK,31.063935,35.026963,693395.96,3438453.16,
001027-075911-00305-X,"הרימון 305, דימונה",דימונה,הרימון,305,,8602894,none,,,,,,,OK,31.063935,35.026963,693395.96,3438453.16,
001027-075911-00306-X,"הרימון 306, דימונה",דימונה,הרימון,306,,8602895,none,,,,,,,OK,31.063935,35.026963,693395.96,3438453.16,
001027-075911-00307-X,"הרימון 307, דימונה",דימונה,הרימון,307,,8602896,none,,,,,,,OK,31.063935,35.026963,693395.96,3438453.16,
001027-075911-00308-X,"הרימון 308, דימונה",דימונה,הרימון,308,,8602897,none,,,,,,,OK,31.063935,35.026963,693395.96,3438453.16,
001027-075911-00310-X,"הרימון 310, דימונה",דימונה,הרימון,310,,8602899,none,,,,,,,OK,31.063935,35.026963,693395.96,3438453.16,
001027-075911-00311-X,"הרימון 311, דימונה",דימונה,הרימון,311,,8610501,none,,,,,,,OK,31.063935,35.026963,693395.96,3438453.16,
001027-075911-00312-X,"הרימון 312, דימונה",דימונה,הרימון,312,,8610502,none,,,,,,,OK,31.063935,35.026963,693395.96,3438453.16,
001027-075911-00313-X,"הרימון 313, דימונה",דימונה,הרימון,313,,8610503,none,,,,,,,OK,31.063935,35.026963,693395.96,3438453.16,
001027-075911-00314-X,"הרימון 314, דימונה",דימונה,הרימון,314,,8610504,none,,,,,,,OK,31.063935,35.026963,693395.96,3438453.16,
001027-075911-00315-X,"הרימון 315, דימונה",דימונה,הרימון,315,,8610505,none,,,,,,,OK,31.063935,35.026963,693395.96,3438453.16,
001027-075911-00317-X,"הרימון 317, דימונה",דימונה,הרימון,317,,8610507,none,,,,,,,OK,31.063935,35.026963,693395.96,3438453.16,
001027-075911-00318-X,"הרימון 318, דימונה",דימונה,הרימון,318,,8610508,none,,,,,,,OK,31.063935,35.026963,693395.96,3438453.16,
001027-075911-00319-X,"הרימון 319, דימונה",דימונה,הרימון,319,,8610509,none,,,,,,,OK,31.063935,35.026963,693395.96,3438453.16,
001027-075911-00320-X,"הרימון 320, דימונה",דימונה,הרימון,320,,8610510,none,,,,,,,OK,31.063935,35.026963,693395.96,3438453.16,
001027-075911-00321-X,"הרימון 321, דימונה",דימונה,הרימון,321,,8610511,none,,,,,,,OK,31.063935,35.026963,693395.96,3438453.16,
001027-075911-00322-X,"הרימון 322, דימונה",דימונה,הרימון,322,,8610512,none,,,,,,,OK,31.063935,35.026963,693395.96,3438453.16,
001027-075911-00326-X,"הרימון 326, דימונה",דימונה,הרימון,326,,8610515,none,,,,,,,OK,31.063935,35.026963,693395.96,3438453.16,
001027-075911-00328-X,"הרימון 328, דימונה",דימונה,הרימון,328,,8610516,none,,,,,,,OK,31.063935,35.026963,693395.96,3438453.16,
001027-075911-00330-X,"הרימון 330, דימונה",דימונה,הרימון,330,,8610517,none,,,,,,,OK,31.063935,35.026963,693395.96,3438453.16,
001027-075911-00332-X,"הרימון 332, דימונה",דימונה,הרימון,332,,8610518,none,,,,,,,OK,31.063935,35.026963,693395.96,3438453.16,
001027-075911-00334-X,"הרימון 334, דימונה",דימונה,הרימון,334,,8610519,none,,,,,,,OK,31.063935,35.026963,693395.96,3438453.16,
001027-075911-00340-X,"הרימון 340, דימונה",דימונה,הרימון,340,,8610522,none,,,,,,,OK,31.063935,35.026963,693395.96,3438453.16,
001027-075911-00342-X,"הרימון 342, דימונה",דימונה,הרימון,342,,8610523,none,,,,,,,OK,31.063935,35.026963,693395.96,3438453.16,
001027-075911-00344-X,"הרימון 344, דימונה",דימונה,הרימון,344,,8610524,none,,,,,,,OK,31.063935,35.026963,693395.96,3438453.16,
001027-075911-00346-X,"הרימון 346, דימונה",דימונה,הרימון,346,,8610525,none,,,,,,,OK,31.063935,35.026963,693395.96,3438453.16,
001027-075911-00348-X,"הרימון 348, דימונה",דימונה,הרימון,348,,8610526,none,,,,,,,OK,31.063935,35.026963,693395.96,3438453.16,
001027-075911-00350-X,"הרימון 350, דימונה",דימונה,הרימון,350,,8610527,none,,,,,,,OK,31.063935,35.026963,693395.96,3438453.16,
001027-075911-00354-X,"הרימון 354, דימונה",דימונה,הרימון,354,,8610529,none,,,,,,,OK,31.063935,35.026963,693395.96,3438453.16,
001027-075911-00356-X,"הרימון 356, דימונה",דימונה,הרימון,356,,8610530,none,,,,,,,OK,31.063935,35.026963,693395.96,3438453.16,
001027-075911-00358-X,"הרימון 358, דימונה",דימונה,הרימון,358,,8610531,none,,,,,,,OK,31.063935,35.026963,693395.96,3438453.16,
001027-075911-00360-X,"הרימון 360, דימונה",דימונה,הרימון,360,,8610532,none,,,,,,,OK,31.063935,35.026963,693395.96,3438453.16,
001027-075911-00362-X,"הרימון 362, דימונה",דימונה,הרימון,362,,8610533,none,,,,,,,OK,31.063935,35.026963,693395.96,3438453.16,
001027-075911-00366-X,"הרימון 366, דימונה",דימונה,הרימון,366,,8610535,none,,,,,,,OK,31.063935,35.026963,693395.96,3438453.16,
001027-075911-00368-X,"הרימון 368, דימונה",דימונה,הרימון,368,,8610536,none,,,,,,,OK,31.063935,35.026963,693395.96,3438453.16,
001027-076045-00000-X,"אקסודוס, דימונה",דימונה,אקסודוס,,,8606800,street,203176.87,553509.46,31.072679,35.033855,694035.90,3439434.56,OK,31.072684,35.033836,694034.02,3439435.06,1.94
001027-076045-00066-X,"אקסודוס 66, דימונה",דימונה,אקסודוס,66,,8606801,street,203176.87,553509.46,31.072679,35.033855,694035.90,3439434.56,OK,31.072684,35.033836,694034.02,3439435.06,1.94
001027-076045-00067-X,"אקסודוס 67, דימונה",דימונה,אקסודוס,67,,8606802,street,203176.87,553509.46,31.072679,35.033855,694035.90,3439434.56,OK,31.072684,35.033836,694034.02,3439435.06,1.94
001027-076480-00000-X,"שד יגאל אלון, דימונה",דימונה,שד יגאל אלון,,,8603100,street,203377.16,552484.04,31.063433,35.035970,694256.53,3438413.27,ZERO_RESULTS,,,,,
001027-076480-00011-X,"שד יגאל אלון 11, דימונה",דימונה,שד יגאל אלון,11,,8603103,street,203377.16,552484.04,31.063433,35.035970,694256.53,3438413.27,ZERO_RESULTS,,,,,
001027-076480-00013-X,"שד יגאל אלון 13, דימונה",דימונה,שד יגאל אלון,13,,8603104,exact,203277.79,552499.62,31.063572,35.034929,694156.86,3438426.87,ZERO_RESULTS,,,,,
001027-076480-00016-X,"שד יגאל אלון 16, דימונה",דימונה,שד יגאל אלון,16,,8603106,exact,203125.64,552456.30,31.063179,35.033335,694005.59,3438380.54,ZERO_RESULTS,,,,,
001027-076480-00030-X,"שד יגאל אלון 30, דימונה",דימונה,שד יגאל אלון,30,,8603109,exact,203265.62,552450.33,31.063127,35.034802,694145.67,3438377.35,ZERO_RESULTS,,,,,
001027-076480-00030-ב,"שד יגאל אלון 30ב, דימונה",דימונה,שד יגאל אלון,30,ב,8603111,exact,203265.62,552450.33,31.063127,35.034802,694145.67,3438377.35,ZERO_RESULTS,,,,,
001027-076480-00030-ד,"שד יגאל אלון 30ד, דימונה",דימונה,שד יגאל אלון,30,ד,8603113,exact,203265.62,552450.33,31.063127,35.034802,694145.67,3438377.35,ZERO_RESULTS,,,,,
001027-076480-00031-X,"שד יגאל אלון 31, דימונה",דימונה,שד יגאל אלון,31,,8603114,exact,203412.73,552506.07,31.063632,35.036342,694291.66,3438436.00,ZERO_RESULTS,,,,,
001027-076480-00031-א,"שד יגאל אלון 31א, דימונה",דימונה,שד יגאל אלון,31,א,8603115,exact,203412.73,552506.07,31.063632,35.036342,694291.66,3438436.00,ZERO_RESULTS,,,,,
001027-076480-00031-ב,"שד יגאל אלון 31ב, דימונה",דימונה,שד יגאל אלון,31,ב,8603116,exact,203412.73,552506.07,31.063632,35.036342,694291.66,3438436.00,ZERO_RESULTS,,,,,
001027-076480-00031-ג,"שד יגאל אלון 31ג, דימונה",דימונה,שד יגאל אלון,31,ג,8603117,street,203377.16,552484.04,31.063433,35.035970,694256.53,3438413.27,ZERO_RESULTS,,,,,
001027-076480-00031-ד,"שד יגאל אלון 31ד, דימונה",דימונה,שד יגאל אלון,31,ד,8603118,street,203377.16,552484.04,31.063433,35.035970,694256.53,3438413.27,ZERO_RESULTS,,,,,
001027-076480-00032-X,"שד יגאל אלון 32, דימונה",דימונה,שד יגאל אלון,32,,8603119,exact,203294.29,552454.46,31.063165,35.035102,694174.26,3438382.05,ZERO_RESULTS,,,,,
001027-076480-00032-א,"שד יגאל אלון 32א, דימונה",דימונה,שד יגאל אלון,32,א,8603120,exact,203294.29,552454.46,31.063165,35.035102,694174.26,3438382.05,ZERO_RESULTS,,,,,
001027-076480-00032-ב,"שד יגאל אלון 32ב, דימונה",דימונה,שד יגאל אלון,32,ב,8603121,street,203377.16,552484.04,31.063433,35.035970,694256.53,3438413.27,ZERO_RESULTS,,,,,
001027-076480-00032-ג,"שד יגאל אלון 32ג, דימונה",דימונה,שד יגאל אלון,32,ג,8603122,exact,203294.29,552454.46,31.063165,35.035102,694174.26,3438382.05,ZERO_RESULTS,,,,,
001027-076480-00085-X,"שד יגאל אלון 85, דימונה",דימונה,שד יגאל אלון,85,,8603123,street,203377.16,552484.04,31.063433,35.035970,694256.53,3438413.27,ZERO_RESULTS,,,,,
001027-076480-00085-א,"שד יגאל אלון 85א, דימונה",דימונה,שד יגאל אלון,85,א,8603124,street,203377.16,552484.04,31.063433,35.035970,694256.53,3438413.27,ZERO_RESULTS,,,,,
001027-076480-00085-ב,"שד יגאל אלון 85ב, דימונה",דימונה,שד יגאל אלון,85,ב,8603125,street,203377.16,552484.04,31.063433,35.035970,694256.53,3438413.27,ZERO_RESULTS,,,,,
001027-076480-00085-ג,"שד יגאל אלון 85ג, דימונה",דימונה,שד יגאל אלון,85,ג,8603126,street,203377.16,552484.04,31.063433,35.035970,694256.53,3438413.27,ZERO_RESULTS,,,,,
001027-076480-00086-X,"שד יגאל אלון 86, דימונה",דימונה,שד יגאל אלון,86,,8603127,exact,203760.15,552796.17,31.066253,35.039978,694633.26,3438732.96,ZERO_RESULTS,,,,,
001027-076480-00086-א,"שד יגאל אלון 86א, דימונה",דימונה,שד יגאל אלון,86,א,8603128,exact,203760.15,552796.17,31.066253,35.039978,694633.26,3438732.96,ZERO_RESULTS,,,,,
001027-076480-00086-ב,"שד יגאל אלון 86ב, דימונה",דימונה,שד יגאל אלון,86,ב,8603129,exact,203760.15,552796.17,31.066253,35.039978,694633.26,3438732.96,ZERO_RESULTS,,,,,
001027-076480-00086-ג,"שד יגאל אלון 86ג, דימונה",דימונה,שד יגאל אלון,86,ג,8603130,exact,203760.15,552796.17,31.066253,35.039978,694633.26,3438732.96,ZERO_RESULTS,,,,,
001027-076480-00110-X,"שד יגאל אלון 110, דימונה",דימונה,שד יגאל אלון,110,,8603132,street,203377.16,552484.04,31.063433,35.035970,694256.53,3438413.27,ZERO_RESULTS,,,,,
001027-076480-00110-ב,"שד יגאל אלון 110ב, דימונה",דימונה,שד יגאל אלון,110,ב,8603134,street,203377.16,552484.04,31.063433,35.035970,694256.53,3438413.27,ZERO_RESULTS,,,,,
001027-076480-00110-ג,"שד יגאל אלון 110ג, דימונה",דימונה,שד יגאל אלון,110,ג,8603135,street,203377.16,552484.04,31.063433,35.035970,694256.53,3438413.27,ZERO_RESULTS,,,,,
001027-076480-00110-ד,"שד יגאל אלון 110ד, דימונה",דימונה,שד יגאל אלון,110,ד,8603136,street,203377.16,552484.04,31.063433,35.035970,694256.53,3438413.27,ZERO_RESULTS,,,,,
001027-076480-00110-ה,"שד יגאל אלון 110ה, דימונה",דימונה,שד יגאל אלון,110,ה,8603137,street,203377.16,552484.04,31.063433,35.035970,694256.53,3438413.27,ZERO_RESULTS,,,,,
001027-076480-00110-ו,"שד יגאל אלון 110ו, דימונה",דימונה,שד יגאל אלון,110,ו,8603138,street,203377.16,552484.04,31.063433,35.035970,694256.53,3438413.27,ZERO_RESULTS,,,,,
001027-076480-00110-ח,"שד יגאל אלון 110ח, דימונה",דימונה,שד יגאל אלון,110,ח,8603140,street,203377.16,552484.04,31.063433,35.035970,694256.53,3438413.27,ZERO_RESULTS,,,,,
001027-076480-00110-ט,"שד יגאל אלון 110ט, דימונה",דימונה,שד יגאל אלון,110,ט,8603141,street,203377.16,552484.04,31.063433,35.035970,694256.53,3438413.27,ZERO_RESULTS,,,,,
001027-076480-00111-א,"שד יגאל אלון 111א, דימונה",דימונה,שד יגאל אלון,111,א,8603143,street,203377.16,552484.04,31.063433,35.035970,694256.53,3438413.27,ZERO_RESULTS,,,,,
001027-076480-00111-ב,"שד יגאל אלון 111ב, דימונה",דימונה,שד יגאל אלון,111,ב,8603144,street,203377.16,552484.04,31.063433,35.035970,694256.53,3438413.27,ZERO_RESULTS,,,,,
001027-076480-00111-ג,"שד יגאל אלון 111ג, דימונה",דימונה,שד יגאל אלון,111,ג,8603145,street,203377.16,552484.04,31.063433,35.035970,694256.53,3438413.27,ZERO_RESULTS,,,,,
001027-076480-00111-ד,"שד יגאל אלון 111ד, דימונה",דימונה,שד יגאל אלון,111,ד,8603146,street,203377.16,552484.04,31.063433,35.035970,694256.53,3438413.27,ZERO_RESULTS,,,,,
001027-076480-00111-ו,"שד יגאל אלון 111ו, דימונה",דימונה,שד יגאל אלון,111,ו,8603148,street,203377.16,552484.04,31.063433,35.035970,694256.53,3438413.27,ZERO_RESULTS,,,,,
001027-076480-00111-ח,"שד יגאל אלון 111ח, דימונה",דימונה,שד יגאל אלון,111,ח,8603150,street,203377.16,552484.04,31.063433,35.035970,694256.53,3438413.27,ZERO_RESULTS,,,,,
001027-076480-00209-X,"שד יגאל אלון 209, דימונה",דימונה,שד יגאל אלון,209,,8603152,street,203377.16,552484.04,31.063433,35.035970,694256.53,3438413.27,ZERO_RESULTS,,,,,
001027-076480-00209-א,"שד יגאל אלון 209א, דימונה",דימונה,שד יגאל אלון,209,א,8603153,street,203377.16,552484.04,31.063433,35.035970,694256.53,3438413.27,ZERO_RESULTS,,,,,
001027-076480-00209-ב,"שד יגאל אלון 209ב, דימונה",דימונה,שד יגאל אלון,209,ב,8603154,street,203377.16,552484.04,31.063433,35.035970,694256.53,3438413.27,ZERO_RESULTS,,,,,
001027-076480-00209-ג,"שד יגאל אלון 209ג, דימונה",דימונה,שד יגאל אלון,209,ג,8603155,street,203377.16,552484.04,31.063433,35.035970,694256.53,3438413.27,ZERO_RESULTS,,,,,
001027-076480-00209-ד,"שד יגאל אלון 209ד, דימונה",דימונה,שד יגאל אלון,209,ד,8603156,street,203377.16,552484.04,31.063433,35.035970,694256.53,3438413.27,ZERO_RESULTS,,,,,
001027-076480-00209-ו,"שד יגאל אלון 209ו, דימונה",דימונה,שד יגאל אלון,209,ו,8603158,street,203377.16,552484.04,31.063433,35.035970,694256.53,3438413.27,ZERO_RESULTS,,,,,
001027-076480-00209-ז,"שד יגאל אלון 209ז, דימונה",דימונה,שד יגאל אלון,209,ז,8603159,street,203377.16,552484.04,31.063433,35.035970,694256.53,3438413.27,ZERO_RESULTS,,,,,
001027-076480-00209-ח,"שד יגאל אלון 209ח, דימונה",דימונה,שד יגאל אלון,209,ח,8603160,street,203377.16,552484.04,31.063433,35.035970,694256.53,3438413.27,ZERO_RESULTS,,,,,
001027-076480-00221-X,"שד יגאל אלון 221, דימונה",דימונה,שד יגאל אלון,221,,8603161,street,203377.16,552484.04,31.063433,35.035970,694256.53,3438413.27,ZERO_RESULTS,,,,,
001027-076480-00221-א,"שד יגאל אלון 221א, דימונה",דימונה,שד יגאל אלון,221,א,8603162,street,203377.16,552484.04,31.063433,35.035970,694256.53,3438413.27,ZERO_RESULTS,,,,,
001027-076480-00221-ב,"שד יגאל אלון 221ב, דימונה",דימונה,שד יגאל אלון,221,ב,8603163,street,203377.16,552484.04,31.063433,35.035970,694256.53,3438413.27,ZERO_RESULTS,,,,,
001027-076480-00221-ד,"שד יגאל אלון 221ד, דימונה",דימונה,שד יגאל אלון,221,ד,8603165,street,203377.16,552484.04,31.063433,35.035970,694256.53,3438413.27,ZERO_RESULTS,,,,,
001027-076480-00221-ה,"שד יגאל אלון 221ה, דימונה",דימונה,שד יגאל אלון,221,ה,8603166,street,203377.16,552484.04,31.063433,35.035970,694256.53,3438413.27,ZERO_RESULTS,,,,,
001027-076480-00221-ו,"שד יגאל אלון 221ו, דימונה",דימונה,שד יגאל אלון,221,ו,8603167,street,203377.16,552484.04,31.063433,35.035970,694256.53,3438413.27,ZERO_RESULTS,,,,,
001027-076480-00221-ז,"שד יגאל אלון 221ז, דימונה",דימונה,שד יגאל אלון,221,ז,8603168,street,203377.16,552484.04,31.063433,35.035970,694256.53,3438413.27,ZERO_RESULTS,,,,,
001027-076480-00221-ח,"שד יגאל אלון 221ח, דימונה",דימונה,שד יגאל אלון,221,ח,8603169,street,203377.16,552484.04,31.063433,35.035970,694256.53,3438413.27,ZERO_RESULTS,,,,,
001027-076480-00221-ט,"שד יגאל אלון 221ט, דימונה",דימונה,שד יגאל אלון,221,ט,8603170,street,203377.16,552484.04,31.063433,35.035970,694256.53,3438413.27,ZERO_RESULTS,,,,,
001027-076480-00501-X,"שד יגאל אלון 501, דימונה",דימונה,שד יגאל אלון,501,,8603171,street,203377.16,552484.04,31.063433,35.035970,694256.53,3438413.27,ZERO_RESULTS,,,,,
001027-076480-00501-א,"שד יגאל אלון 501א, דימונה",דימונה,שד יגאל אלון,501,א,8603172,street,203377.16,552484.04,31.063433,35.035970,694256.53,3438413.27,ZERO_RESULTS,,,,,
001027-076480-00501-ב,"שד יגאל אלון 501ב, דימונה",דימונה,שד יגאל אלון,501,ב,8603173,street,203377.16,552484.04,31.063433,35.035970,694256.53,3438413.27,ZERO_RESULTS,,,,,
001027-076793-00000-X,"הנרקיס, דימונה",דימונה,הנרקיס,,,8603600,none,,,,,,,ZERO_RESULTS,,,,,
001027-076793-00007-X,"הנרקיס 7, דימונה",דימונה,הנרקיס,7,,8603602,exact,202999.62,552410.42,31.062764,35.032016,693880.50,3438332.17,ZERO_RESULTS,,,,,
001027-076793-00009-X,"הנרקיס 9, דימונה",דימונה,הנרקיס,9,,8603604,exact,203026.55,552411.78,31.062776,35.032298,693907.40,3438334.06,ZERO_RESULTS,,,,,
001027-076793-00010-X,"הנרקיס 10, דימונה",דימונה,הנרקיס,10,,8603605,exact,202960.61,552384.74,31.062532,35.031607,693842.01,3438305.72,ZERO_RESULTS,,,,,
001027-076793-00011-X,"הנרקיס 11, דימונה",דימונה,הנרקיס,11,,8603606,exact,203046.24,552411.15,31.062771,35.032504,693927.10,3438333.82,ZERO_RESULTS,,,,,
001027-076793-00013-X,"הנרקיס 13, דימונה",דימונה,הנרקיס,13,,8603607,none,,,,,,,ZERO_RESULTS,,,,,
001027-076793-00014-X,"הנרקיס 14, דימונה",דימונה,הנרקיס,14,,8603619,exact,202974.41,552384.47,31.062529,35.031752,693855.81,3438305.72,ZERO_RESULTS,,,,,
001027-076793-00014-א,"הנרקיס 14א, דימונה",דימונה,הנרקיס,14,א,8603620,exact,202974.41,552384.47,31.062529,35.031752,693855.81,3438305.72,ZERO_RESULTS,,,,,
001027-076793-00014-ב,"הנרקיס 14ב, דימונה",דימונה,הנרקיס,14,ב,8603621,exact,202974.41,552384.47,31.062529,35.031752,693855.81,3438305.72,ZERO_RESULTS,,,,,
001027-076793-00749-X,"הנרקיס 749, דימונה",דימונה,הנרקיס,749,,8603608,none,,,,,,,ZERO_RESULTS,,,,,
001027-076793-00765-X,"הנרקיס 765, דימונה",דימונה,הנרקיס,765,,8603610,none,,,,,,,ZERO_RESULTS,,,,,
001027-076793-00766-X,"הנרקיס 766, דימונה",דימונה,הנרקיס,766,,8603611,none,,,,,,,ZERO_RESULTS,,,,,
001027-076793-00767-X,"הנרקיס 767, דימונה",דימונה,הנרקיס,767,,8603612,none,,,,,,,ZERO_RESULTS,,,,,
001027-076793-00769-X,"הנרקיס 769, דימונה",דימונה,הנרקיס,769,,8603614,none,,,,,,,ZERO_RESULTS,,,,,
001027-076793-00770-X,"הנרקיס 770, דימונה",דימונה,הנרקיס,770,,8603615,none,,,,,,,ZERO_RESULTS,,,,,
001027-076793-00771-X,"הנרקיס 771, דימונה",דימונה,הנרקיס,771,,8603616,none,,,,,,,ZERO_RESULTS,,,,,
001027-076793-00772-X,"הנרקיס 772, דימונה",דימונה,הנרקיס,772,,8603617,none,,,,,,,ZERO_RESULTS,,,,,
001027-077042-00004-X,"מצדה 4, דימונה",דימונה,מצדה,4,,8601252,street,202919.76,552256.97,31.061379,35.031181,693803.70,3438177.15,OK,31.061408,35.030977,693784.14,3438180.00,19.76
001027-077042-00005-X,"מצדה 5, דימונה",דימונה,מצדה,5,,8601201,exact,202824.57,552285.64,31.061636,35.030184,693707.96,3438203.93,OK,31.061408,35.030977,693784.14,3438180.00,79.85
001027-077042-00009-X,"מצדה 9, דימונה",דימונה,מצדה,9,,8601203,exact,202839.52,552282.86,31.061611,35.030340,693722.96,3438201.45,OK,31.061408,35.030977,693784.14,3438180.00,64.83
001027-077042-00011-X,"מצדה 11, דימונה",דימונה,מצדה,11,,8601204,street,202919.76,552256.97,31.061379,35.031181,693803.70,3438177.15,OK,31.061408,35.030977,693784.14,3438180.00,19.76
001027-077042-00021-X,"מצדה 21, דימונה",דימונה,מצדה,21,,8601205,street,202919.76,552256.97,31.061379,35.031181,693803.70,3438177.15,OK,31.060856,35.032421,693923.09,3438121.37,131.78
001027-077042-00021-א,"מצדה 21א, דימונה",דימונה,מצדה,21,א,8601206,street,202919.76,552256.97,31.061379,35.031181,693803.70,3438177.15,OK,31.061408,35.030977,693784.14,3438180.00,19.76
001027-077042-00021-ב,"מצדה 21ב, דימונה",דימונה,מצדה,21,ב,8601207,street,202919.76,552256.97,31.061379,35.031181,693803.70,3438177.15,OK,31.061408,35.030977,693784.14,3438180.00,19.76
001027-077042-00037-X,"מצדה 37, דימונה",דימונה,מצדה,37,,8601254,street,202919.76,552256.97,31.061379,35.031181,693803.70,3438177.15,OK,31.060842,35.032399,693921.01,3438119.77,130.59
001027-077042-00043-X,"מצדה 43, דימונה",דימונה,מצדה,43,,8601208,exact,202947.47,552269.32,31.061490,35.031472,693831.16,3438190.05,OK,31.061408,35.030977,693784.14,3438180.00,48.08
001027-077042-00045-X,"מצדה 45, דימונה",דימונה,מצדה,45,,8601209,exact,202967.40,552264.57,31.061448,35.031680,693851.19,3438185.70,OK,31.061408,35.030977,693784.14,3438180.00,67.28
001027-077042-00143-X,"מצדה 143, דימונה",דימונה,מצדה,143,,8601210,street,202919.76,552256.97,31.061379,35.031181,693803.70,3438177.15,OK,31.061408,35.030977,693784.14,3438180.00,19.76
001027-077042-00144-X,"מצדה 144, דימונה",דימונה,מצדה,144,,8601211,street,202919.76,552256.97,31.061379,35.031181,693803.70,3438177.15,OK,31.061408,35.030977,693784.14,3438180.00,19.76
001027-077042-00146-X,"מצדה 146, דימונה",דימונה,מצדה,146,,8601213,street,202919.76,552256.97,31.061379,35.031181,693803.70,3438177.15,OK,31.061408,35.030977,693784.14,3438180.00,19.76
001027-077042-00147-X,"מצדה 147, דימונה",דימונה,מצדה,147,,8601214,street,202919.76,552256.97,31.061379,35.031181,693803.70,3438177.15,OK,31.061408,35.030977,693784.14,3438180.00,19.76
001027-077042-00148-X,"מצדה 148, דימונה",דימונה,מצדה,148,,8601215,street,202919.76,552256.97,31.061379,35.031181,693803.70,3438177.15,OK,31.061408,35.030977,693784.14,3438180.00,19.76
001027-077042-00149-X,"מצדה 149, דימונה",דימונה,מצדה,149,,8601216,street,202919.76,552256.97,31.061379,35.031181,693803.70,3438177.15,OK,31.060856,35.032421,693923.09,3438121.37,131.78
001027-077042-00150-X,"מצדה 150, דימונה",דימונה,מצדה,150,,8601217,street,202919.76,552256.97,31.061379,35.031181,693803.70,3438177.15,OK,31.061408,35.030977,693784.14,3438180.00,19.76
001027-077042-00153-X,"מצדה 153, דימונה",דימונה,מצדה,153,,8601220,street,202919.76,552256.97,31.061379,35.031181,693803.70,3438177.15,OK,31.061408,35.030977,693784.14,3438180.00,19.76
001027-077042-00154-X,"מצדה 154, דימונה",דימונה,מצדה,154,,8601221,street,202919.76,552256.97,31.061379,35.031181,693803.70,3438177.15,OK,31.061408,35.030977,693784.14,3438180.00,19.76
001027-077042-00155-X,"מצדה 155, דימונה",דימונה,מצדה,155,,8601222,street,202919.76,552256.97,31.061379,35.031181,693803.70,3438177.15,OK,31.060856,35.032421,693923.09,3438121.37,131.78
001027-077042-00156-X,"מצדה 156, דימונה",דימונה,מצדה,156,,8601223,street,202919.76,552256.97,31.061379,35.031181,693803.70,3438177.15,OK,31.060856,35.032421,693923.09,3438121.37,131.78
001027-077042-00157-X,"מצדה 157, דימונה",דימונה,מצדה,157,,8601224,street,202919.76,552256.97,31.061379,35.031181,693803.70,3438177.15,OK,31.060842,35.032399,693921.01,3438119.77,130.59
001027-077042-00158-X,"מצדה 158, דימונה",דימונה,מצדה,158,,8601225,street,202919.76,552256.97,31.061379,35.031181,693803.70,3438177.15,OK,31.061408,35.030977,693784.14,3438180.00,19.76
001027-077164-00000-X,"הכלנית, דימונה",דימונה,הכלנית,,,8603700,none,,,,,,,ZERO_RESULTS,,,,,
001027-077164-00001-X,"הכלנית 1, דימונה",דימונה,הכלנית,1,,8603732,exact,202877.23,552349.51,31.062213,35.030734,693759.34,3438268.84,ZERO_RESULTS,,,,,
001027-077164-00008-X,"הכלנית 8, דימונה",דימונה,הכלנית,8,,8603733,exact,202856.64,552332.26,31.062057,35.030519,693739.10,3438251.18,ZERO_RESULTS,,,,,
001027-077164-00025-X,"הכלנית 25, דימונה",דימונה,הכלנית,25,,8603734,exact,203029.94,552347.63,31.062198,35.032334,693912.07,3438269.99,ZERO_RESULTS,,,,,
001027-077164-00724-X,"הכלנית 724, דימונה",דימונה,הכלנית,724,,8603701,none,,,,,,,ZERO_RESULTS,,,,,
001027-077164-00725-X,"הכלנית 725, דימונה",דימונה,הכלנית,725,,8603702,none,,,,,,,ZERO_RESULTS,,,,,
001027-077164-00726-X,"הכלנית 726, דימונה",דימונה,הכלנית,726,,8603703,none,,,,,,,ZERO_RESULTS,,,,,
001027-077164-00727-X,"הכלנית 727, דימונה",דימונה,הכלנית,727,,8603704,none,,,,,,,ZERO_RESULTS,,,,,
001027-077164-00728-X,"הכלנית 728, דימונה",דימונה,הכלנית,728,,8603705,none,,,,,,,ZERO_RESULTS,,,,,
001027-077164-00729-X,"הכלנית 729, דימונה",דימונה,הכלנית,729,,8603706,none,,,,,,,ZERO_RESULTS,,,,,
001027-077164-00730-X,"הכלנית 730, דימונה",דימונה,הכלנית,730,,8603707,none,,,,,,,ZERO_RESULTS,,,,,
001027-077164-00731-X,"הכלנית 731, דימונה",דימונה,הכלנית,731,,8603708,none,,,,,,,ZERO_RESULTS,,,,,
001027-077164-00733-X,"הכלנית 733, דימונה",דימונה,הכלנית,733,,8603709,none,,,,,,,ZERO_RESULTS,,,,,
001027-077164-00736-X,"הכלנית 736, דימונה",דימונה,הכלנית,736,,8603711,none,,,,,,,ZERO_RESULTS,,,,,
001027-077164-00737-X,"הכלנית 737, דימונה",דימונה,הכלנית,737,,8603712,none,,,,,,,ZERO_RESULTS,,,,,
001027-077164-00739-X,"הכלנית 739, דימונה",דימונה,הכלנית,739,,8603714,none,,,,,,,ZERO_RESULTS,,,,,
001027-077164-00741-X,"הכלנית 741, דימונה",דימונה,הכלנית,741,,8603716,none,,,,,,,ZERO_RESULTS,,,,,
001027-077164-00742-X,"הכלנית 742, דימונה",דימונה,הכלנית,742,,8603717,none,,,,,,,ZERO_RESULTS,,,,,
001027-077164-00743-X,"הכלנית 743, דימונה",דימונה,הכלנית,743,,8603718,none,,,,,,,ZERO_RESULTS,,,,,
001027-077164-00746-X,"הכלנית 746, דימונה",דימונה,הכלנית,746,,8603721,none,,,,,,,ZERO_RESULTS,,,,,
001027-077164-00754-X,"הכלנית 754, דימונה",דימונה,הכלנית,754,,8603723,none,,,,,,,ZERO_RESULTS,,,,,
001027-077164-00755-X,"הכלנית 755, דימונה",דימונה,הכלנית,755,,8603724,none,,,,,,,ZERO_RESULTS,,,,,
001027-077164-00756-X,"הכלנית 756, דימונה",דימונה,הכלנית,756,,8603725,none,,,,,,,ZERO_RESULTS,,,,,
001027-077164-00758-X,"הכלנית 758, דימונה",דימונה,הכלנית,758,,8603727,none,,,,,,,ZERO_RESULTS,,,,,
001027-077164-00759-X,"הכלנית 759, דימונה",דימונה,הכלנית,759,,8603728,none,,,,,,,ZERO_RESULTS,,,,,
001027-077164-00760-X,"הכלנית 760, דימונה",דימונה,הכלנית,760,,8603729,none,,,,,,,ZERO_RESULTS,,,,,
001027-077164-00761-X,"הכלנית 761, דימונה",דימונה,הכלנית,761,,8603730,none,,,,,,,ZERO_RESULTS,,,,,
001027-077164-00762-X,"הכלנית 762, דימונה",דימונה,הכלנית,762,,8603731,none,,,,,,,ZERO_RESULTS,,,,,
001027-077597-00000-X,"נוה מדבר, דימונה",דימונה,נוה מדבר,,,8601300,street,202685.35,552167.71,31.060570,35.028727,693571.10,3438083.25,OK,31.060615,35.028548,693553.97,3438087.93,17.76
001027-077597-00033-X,"נוה מדבר 33, דימונה",דימונה,נוה מדבר,33,,8601301,street,202685.35,552167.71,31.060570,35.028727,693571.10,3438083.25,OK,31.060615,35.028548,693553.97,3438087.93,17.76
001027-077597-00058-X,"נוה מדבר 58, דימונה",דימונה,נוה מדבר,58,,8601382,exact,202572.78,552204.33,31.060899,35.027547,693457.82,3438117.63,OK,31.060615,35.028548,693553.97,3438087.93,100.63
001027-077597-00102-X,"נוה מדבר 102, דימונה",דימונה,נוה מדבר,102,,8601302,street,202685.35,552167.71,31.060570,35.028727,693571.10,3438083.25,OK,31.060615,35.028548,693553.97,3438087.93,17.76
001027-077597-00104-X,"נוה מדבר 104, דימונה",דימונה,נוה מדבר,104,,8601303,street,202685.35,552167.71,31.060570,35.028727,693571.10,3438083.25,OK,31.060615,35.028548,693553.97,3438087.93,17.76
001027-077597-00105-X,"נוה מדבר 105, דימונה",דימונה,נוה מדבר,105,,8601341,street,202685.35,552167.71,31.060570,35.028727,693571.10,3438083.25,OK,31.060615,35.028548,693553.97,3438087.93,17.76
001027-077597-00108-X,"נוה מדבר 108, דימונה",דימונה,נוה מדבר,108,,8601305,street,202685.35,552167.71,31.060570,35.028727,693571.10,3438083.25,OK,31.060615,35.028548,693553.97,3438087.93,17.76
001027-077597-00112-X,"נוה מדבר 112, דימונה",דימונה,נוה מדבר,112,,8601307,street,202685.35,552167.71,31.060570,35.028727,693571.10,3438083.25,OK,31.060615,35.028548,693553.97,3438087.93,17.76
001027-077597-00113-X,"נוה מדבר 113, דימונה",דימונה,נוה מדבר,113,,8601345,street,202685.35,552167.71,31.060570,35.028727,693571.10,3438083.25,OK,31.060615,35.028548,693553.97,3438087.93,17.76
001027-077597-00117-X,"נוה מדבר 117, דימונה",דימונה,נוה מדבר,117,,8601347,street,202685.35,552167.71,31.060570,35.028727,693571.10,3438083.25,OK,31.060615,35.028548,693553.97,3438087.93,17.76
001027-077597-00119-X,"נוה מדבר 119, דימונה",דימונה,נוה מדבר,119,,8601348,street,202685.35,552167.71,31.060570,35.028727,693571.10,3438083.25,OK,31.060615,35.028548,693553.97,3438087.93,17.76
001027-077597-00120-X,"נוה מדבר 120, דימונה",דימונה,נוה מדבר,120,,8601311,street,202685.35,552167.71,31.060570,35.028727,693571.10,3438083.25,OK,31.060615,35.028548,693553.97,3438087.93,17.76
001027-077597-00121-X,"נוה מדבר 121, דימונה",דימונה,נוה מדבר,121,,8601349,street,202685.35,552167.71,31.060570,35.028727,693571.10,3438083.25,OK,31.060615,35.028548,693553.97,3438087.93,17.76
001027-077597-00122-X,"נוה מדבר 122, דימונה",דימונה,נוה מדבר,122,,8601312,street,202685.35,552167.71,31.060570,35.028727,693571.10,3438083.25,OK,31.060615,35.028548,693553.97,3438087.93,17.76
001027-077597-00123-X,"נוה מדבר 123, דימונה",דימונה,נוה מדבר,123,,8601350,street,202685.35,552167.71,31.060570,35.028727,693571.10,3438083.25,OK,31.060615,35.028548,693553.97,3438087.93,17.76
001027-077597-00124-X,"נוה מדבר 124, דימונה",דימונה,נוה מדבר,124,,8601313,street,202685.35,552167.71,31.060570,35.028727,693571.10,3438083.25,OK,31.060615,35.028548,693553.97,3438087.93,17.76
001027-077597-00126-X,"נוה מדבר 126, דימונה",דימונה,נוה מדבר,126,,8601314,street,202685.35,552167.71,31.060570,35.028727,693571.10,3438083.25,OK,31.060615,35.028548,693553.97,3438087.93,17.76
001027-077597-00127-X,"נוה מדבר 127, דימונה",דימונה,נוה מדבר,127,,8601352,street,202685.35,552167.71,31.060570,35.028727,693571.10,3438083.25,OK,31.060615,35.028548,693553.97,3438087.93,17.76
001027-077597-00130-X,"נוה מדבר 130, דימונה",דימונה,נוה מדבר,130,,8601316,street,202685.35,552167.71,31.060570,35.028727,693571.10,3438083.25,OK,31.060615,35.028548,693553.97,3438087.93,17.76
001027-077597-00131-X,"נוה מדבר 131, דימונה",דימונה,נוה מדבר,131,,8601354,street,202685.35,552167.71,31.060570,35.028727,693571.10,3438083.25,OK,31.060615,35.028548,693553.97,3438087.93,17.76
001027-077597-00132-X,"נוה מדבר 132, דימונה",דימונה,נוה מדבר,132,,8601317,street,202685.35,552167.71,31.060570,35.028727,693571.10,3438083.25,OK,31.060615,35.028548,693553.97,3438087.93,17.76
001027-077597-00133-X,"נוה מדבר 133, דימונה",דימונה,נוה מדבר,133,,8601355,street,202685.35,552167.71,31.060570,35.028727,693571.10,3438083.25,OK,31.060615,35.028548,693553.97,3438087.93,17.76
001027-077597-00134-X,"נוה מדבר 134, דימונה",דימונה,נוה מדבר,134,,8601318,street,202685.35,552167.71,31.060570,35.028727,693571.10,3438083.25,OK,31.060615,35.028548,693553.97,3438087.93,17.76
001027-077597-00135-X,"נוה מדבר 135, דימונה",דימונה,נוה מדבר,135,,8601369,street,202685.35,552167.71,31.060570,35.028727,693571.10,3438083.25,OK,31.060615,35.028548,693553.97,3438087.93,17.76
001027-077597-00137-X,"נוה מדבר 137, דימונה",דימונה,נוה מדבר,137,,8601370,street,202685.35,552167.71,31.060570,35.028727,693571.10,3438083.25,OK,31.060615,35.028548,693553.97,3438087.93,17.76
001027-077597-00141-X,"נוה מדבר 141, דימונה",דימונה,נוה מדבר,141,,8601372,street,202685.35,552167.71,31.060570,35.028727,693571.10,3438083.25,OK,31.060615,35.028548,693553.97,3438087.93,17.76
001027-077597-00145-X,"נוה מדבר 145, דימונה",דימונה,נוה מדבר,145,,8601374,street,202685.35,552167.71,31.060570,35.028727,693571.10,3438083.25,OK,31.060615,35.028548,693553.97,3438087.93,17.76
001027-077597-00147-X,"נוה מדבר 147, דימונה",דימונה,נוה מדבר,147,,8601375,street,202685.35,552167.71,31.060570,35.028727,693571.10,3438083.25,OK,31.060615,35.028548,693553.97,3438087.93,17.76
001027-077597-00149-X,"נוה מדבר 149, דימונה",דימונה,נוה מדבר,149,,8601376,street,202685.35,552167.71,31.060570,35.028727,693571.10,3438083.25,OK,31.060615,35.028548,693553.97,3438087.93,17.76
001027-077597-00151-X,"נוה מדבר 151, דימונה",דימונה,נוה מדבר,151,,8601377,street,202685.35,552167.71,31.060570,35.028727,693571.10,3438083.25,OK,31.060615,35.028548,693553.97,3438087.93,17.76
001027-077597-00157-X,"נוה מדבר 157, דימונה",דימונה,נוה מדבר,157,,8601380,street,202685.35,552167.71,31.060570,35.028727,693571.10,3438083.25,OK,31.060615,35.028548,693553.97,3438087.93,17.76
001027-077597-00159-X,"נוה מדבר 159, דימונה",דימונה,נוה מדבר,159,,8601356,street,202685.35,552167.71,31.060570,35.028727,693571.10,3438083.25,OK,31.060615,35.028548,693553.97,3438087.93,17.76
001027-077597-00160-X,"נוה מדבר 160, דימונה",דימונה,נוה מדבר,160,,8601319,street,202685.35,552167.71,31.060570,35.028727,693571.10,3438083.25,OK,31.060615,35.028548,693553.97,3438087.93,17.76
001027-077597-00161-X,"נוה מדבר 161, דימונה",דימונה,נוה מדבר,161,,8601357,street,202685.35,552167.71,31.060570,35.028727,693571.10,3438083.25,OK,31.060615,35.028548,693553.97,3438087.93,17.76
001027-077597-00162-X,"נוה מדבר 162, דימונה",דימונה,נוה מדבר,162,,8601320,street,202685.35,552167.71,31.060570,35.028727,693571.10,3438083.25,OK,31.060615,35.028548,693553.97,3438087.93,17.76
001027-077597-00163-X,"נוה מדבר 163, דימונה",דימונה,נוה מדבר,163,,8601358,street,202685.35,552167.71,31.060570,35.028727,693571.10,3438083.25,OK,31.060615,35.028548,693553.97,3438087.93,17.76
001027-077597-00166-X,"נוה מדבר 166, דימונה",דימונה,נוה מדבר,166,,8601322,street,202685.35,552167.71,31.060570,35.028727,693571.10,3438083.25,OK,31.060615,35.028548,693553.97,3438087.93,17.76
001027-077597-00167-X,"נוה מדבר 167, דימונה",דימונה,נוה מדבר,167,,8601360,street,202685.35,552167.71,31.060570,35.028727,693571.10,3438083.25,OK,31.060615,35.028548,693553.97,3438087.93,17.76
001027-077597-00169-X,"נוה מדבר 169, דימונה",דימונה,נוה מדבר,169,,8601361,street,202685.35,552167.71,31.060570,35.028727,693571.10,3438083.25,OK,31.060615,35.028548,693553.97,3438087.93,17.76
001027-077597-00171-X,"נוה מדבר 171, דימונה",דימונה,נוה מדבר,171,,8601362,street,202685.35,552167.71,31.060570,35.028727,693571.10,3438083.25,OK,31.060615,35.028548,693553.97,3438087.93,17.76
001027-077597-00172-X,"נוה מדבר 172, דימונה",דימונה,נוה מדבר,172,,8601325,street,202685.35,552167.71,31.060570,35.028727,693571.10,3438083.25,OK,31.060615,35.028548,693553.97,3438087.93,17.76
001027-077597-00173-X,"נוה מדבר 173, דימונה",דימונה,נוה מדבר,173,,8601363,street,202685.35,552167.71,31.060570,35.028727,693571.10,3438083.25,OK,31.060615,35.028548,693553.97,3438087.93,17.76
001027-077597-00174-X,"נוה מדבר 174, דימונה",דימונה,נוה מדבר,174,,8601326,street,202685.35,552167.71,31.060570,35.028727,693571.10,3438083.25,OK,31.060615,35.028548,693553.97,3438087.93,17.76
001027-077597-00176-X,"נוה מדבר 176, דימונה",דימונה,נוה מדבר,176,,8601327,street,202685.35,552167.71,31.060570,35.028727,693571.10,3438083.25,OK,31.060615,35.028548,693553.97,3438087.93,17.76
001027-077597-00177-X,"נוה מדבר 177, דימונה",דימונה,נוה מדבר,177,,8601365,street,202685.35,552167.71,31.060570,35.028727,693571.10,3438083.25,OK,31.060615,35.028548,693553.97,3438087.93,17.76
001027-077597-00178-X,"נוה מדבר 178, דימונה",דימונה,נוה מדבר,178,,8601328,street,202685.35,552167.71,31.060570,35.028727,693571.10,3438083.25,OK,31.060615,35.028548,693553.97,3438087.93,17.76
001027-077597-00181-X,"נוה מדבר 181, דימונה",דימונה,נוה מדבר,181,,8601367,street,202685.35,552167.71,31.060570,35.028727,693571.10,3438083.25,OK,31.060615,35.028548,693553.97,3438087.93,17.76
001027-077597-00182-X,"נוה מדבר 182, דימונה",דימונה,נוה מדבר,182,,8601330,street,202685.35,552167.71,31.060570,35.028727,693571.10,3438083.25,OK,31.060615,35.028548,693553.97,3438087.93,17.76
001027-077597-00183-X,"נוה מדבר 183, דימונה",דימונה,נוה מדבר,183,,8601368,street,202685.35,552167.71,31.060570,35.028727,693571.10,3438083.25,OK,31.060615,35.028548,693553.97,3438087.93,17.76
001027-077597-00185-X,"נוה מדבר 185, דימונה",דימונה,נוה מדבר,185,,8601381,street,202685.35,552167.71,31.060570,35.028727,693571.10,3438083.25,OK,31.060615,35.028548,693553.97,3438087.93,17.76
001027-077659-00000-X,"בבא סאלי, דימונה",דימונה,בבא סאלי,,,8601700,street,203011.54,552145.06,31.060371,35.032145,693897.69,3438067.09,OK,31.060631,35.032487,693929.82,3438096.60,43.64
001027-077659-00001-X,"בבא סאלי 1, דימונה",דימונה,בבא סאלי,1,,8601001,exact,202483.96,552131.08,31.060237,35.026617,693370.46,3438042.63,OK,31.060744,35.032688,693948.73,3438109.41,582.11
001027-077659-00002-X,"בבא סאלי 2, דימונה",דימונה,בבא סאלי,2,,8601002,street,203011.54,552145.06,31.060371,35.032145,693897.69,3438067.09,OK,31.060089,35.031724,693858.13,3438035.13,50.85
001027-077659-00003-X,"בבא סאלי 3, דימונה",דימונה,בבא סאלי,3,,8601003,exact,202492.35,552132.70,31.060252,35.026705,693378.82,3438044.42,OK,31.061361,35.034884,694157.11,3438181.70,790.31
001027-077659-00005-X,"בבא סאלי 5, דימונה",דימונה,בבא סאלי,5,,8601005,exact,202502.13,552119.72,31.060135,35.026808,693388.86,3438031.63,OK,31.060744,35.032688,693948.73,3438109.41,565.25
