utm_x,utm_y,lat,lon,file_street,file_house,file_match_type
693367.99,3438300.12,31.0625592,35.0266408,מלכה הנרי,,street
693457.47,3438237.43,31.0619792,35.0275662,מלכה הנרי,2,exact
693454.79,3438262.81,31.0622085,35.0275429,מלכה הנרי,265,exact
693447.48,3438287.35,31.062431,35.0274711,מלכה הנרי,266,exact
693445.14,3438313.59,31.062668,35.0274516,מלכה הנרי,267,exact
693238.2,3438449.41,31.0639268,35.0253098,התאנה,2,exact
693386.87,3438512.95,31.0644753,35.0268793,התאנה,220,street
693545.33,3438599.11,31.0652262,35.0285557,הגפן,1,exact
693251.09,3438545.2,31.0647885,35.0254631,הגפן,2,street
693444.67,3438620.41,31.0654348,35.0275054,הגפן,4,exact
693514.29,3438596.07,31.0652039,35.02823,הגפן,5,exact
693432.86,3438598.66,31.0652406,35.0273775,הגפן,6,exact
693474.79,3438589.65,31.0651525,35.027815,הגפן,7,exact
693414.2,3438600.53,31.0652606,35.0271824,הגפן,8,exact
693466.14,3438583.94,31.0651024,35.0277233,הגפן,9,exact
693405.36,3438593.34,31.0651972,35.0270884,הגפן,10,exact
693452.07,3438584.73,31.0651118,35.027576,הגפן,11,exact
693384.45,3438599.89,31.0652597,35.0268706,הגפן,12,exact
693443.12,3438586.75,31.0651315,35.0274827,הגפן,13,exact
693378.86,3438590.94,31.0651799,35.0268103,הגפן,14,exact
693417.92,3438576.99,31.0650477,35.0272168,הגפן,15,exact
693381.78,3438626.52,31.0655003,35.0268477,הגפן,16,exact
693416.31,3438570.9,31.064993,35.0271988,הגפן,17,exact
693372.61,3438621.21,31.0654539,35.0267506,הגפן,18,exact
693405.61,3438576.2,31.0650426,35.0270877,הגפן,19,exact
693390.09,3438572.12,31.0650083,35.0269244,הגפן,21,exact
693357.52,3438595.41,31.0652237,35.0265876,הגפן,24,exact
693342.87,3438559.77,31.0649048,35.0264273,הגפן,25,exact
693352.85,3438588.6,31.0651631,35.0265374,הגפן,26,exact
693323.73,3438555.67,31.0648709,35.0262261,הגפן,27,exact
693336.98,3438589.26,31.0651717,35.0263713,הגפן,28,exact
693314.84,3438547.54,31.0647991,35.0261314,הגפן,29,exact
693324.88,3438586.72,31.0651507,35.0262441,הגפן,30,exact
693298.79,3438546.57,31.064793,35.0259631,הגפן,31,exact
693316.35,3438581.44,31.0651045,35.0261537,הגפן,32,exact
693296.48,3438531.65,31.0646588,35.025936,הגפן,33,exact
693299.04,3438578.8,31.0650836,35.0259718,הגפן,34,exact
693267.92,3438537.43,31.0647156,35.0256379,הגפן,35,exact
693275.83,3438573.69,31.0650413,35.0257277,הגפן,36,exact
693256.18,3438528.42,31.0646363,35.0255132,הגפן,37,exact
693252.12,3438560.04,31.0649221,35.0254768,הגפן,40,exact
693229.54,3438519.77,31.0645627,35.0252325,הגפן,41,exact
693229.09,3438559.22,31.0649185,35.0252353,הגפן,42,exact
693206.24,3438508.17,31.0644619,35.0249862,הגפן,43,exact
693216.7,3438544.98,31.0647922,35.0251028,הגפן,44,exact
693191.11,3438499.71,31.0643881,35.0248261,הגפן,45,exact
693202.33,3438538.82,31.064739,35.0249511,הגפן,46,exact
693163.45,3438480.67,31.064221,35.0245327,הגפן,49,exact
693147.74,3438474.51,31.064168,35.024367,הגפן,51,exact
693689.65,3438746.59,31.0665323,35.0300958,האשל,,street
693656.12,3438765.16,31.0667052,35.0297481,האשל,16,exact
693697.51,3438533.35,31.0646081,35.0301373,ההדס,10,exact
693688.65,3438553.34,31.0647898,35.0300483,ההדס,521,street
693813.16,3439647.35,31.0746344,35.0315624,שד גולדה מאיר,,street
693771,3439796.8,31.075989,35.0311494,שד גולדה מאיר,149,exact
693803.35,3439539.96,31.0736677,35.031439,שד גולדה מאיר,1034,exact
693721.49,3438400.35,31.0634048,35.030363,השבלים,6,exact
693428.24,3438400.59,31.0634553,35.0272912,השבלים,62,exact
693509.04,3438404.91,31.0634809,35.0281384,השבלים,325,street
693529.36,3438485.07,31.0642004,35.0283666,הרימון,2,exact
693524.21,3438479.52,31.0641512,35.0283116,הרימון,4,exact
693504.08,3438476.62,31.0641284,35.0281002,הרימון,6,exact
693441.03,3438449.5,31.0638942,35.0274345,הרימון,7,exact
693495.17,3438480.42,31.0641641,35.0280076,הרימון,8,exact
693388.46,3438448.38,31.0638928,35.0268836,הרימון,10,street
693405.01,3438440.32,31.0638174,35.0270554,הרימון,11,exact
693386.1,3438436.13,31.0637827,35.0268566,הרימון,13,exact
693454.62,3438479.55,31.064163,35.0275826,הרימון,14,exact
693370.15,3438431.02,31.0637393,35.0266885,הרימון,15,exact
693434.42,3438475.71,31.0641317,35.0273703,הרימון,16,exact
693320.35,3438408.14,31.0635411,35.0261624,הרימון,19,exact
693400.31,3438466.86,31.0640575,35.0270113,הרימון,20,exact
693300.45,3438404,31.0635071,35.0259532,הרימון,21,exact
693383.69,3438460.07,31.063999,35.0268359,הרימון,22,exact
693280.64,3438399.97,31.063474,35.0257449,הרימון,23,exact
693368.21,3438456.37,31.0639682,35.026673,הרימון,24,exact
693358.74,3438448.36,31.0638975,35.0265723,הרימון,26,exact
693302.1,3438437.39,31.0638079,35.0259769,הרימון,32,exact
693287.97,3438429.99,31.0637435,35.0258274,הרימון,34,exact
693271.59,3438427.82,31.0637266,35.0256554,הרימון,36,exact
694035.9,3439434.56,31.0726788,35.0338551,אקסודוס,,street
694256.53,3438413.27,31.0634329,35.0359702,שד יגאל אלון,,street
694156.86,3438426.87,31.063572,35.0349287,שד יגאל אלון,13,exact
694005.59,3438380.54,31.0631793,35.0333352,שד יגאל אלון,16,exact
694145.67,3438377.35,31.0631274,35.034802,שד יגאל אלון,30,exact
694291.66,3438436,31.0636321,35.0363425,שד יגאל אלון,31,exact
694174.26,3438382.05,31.063165,35.0351024,שד יגאל אלון,32,exact
694633.26,3438732.96,31.0662533,35.039978,שד יגאל אלון,86,exact
693863.33,3438319.13,31.062649,35.0318332,הנרקיס,,street
693880.5,3438332.17,31.0627637,35.0320156,הנרקיס,7,exact
693907.4,3438334.06,31.0627764,35.0322978,הנרקיס,9,exact
693842.01,3438305.72,31.0625316,35.0316073,הנרקיס,10,exact
693927.1,3438333.82,31.0627709,35.0325041,הנרקיס,11,exact
693855.81,3438305.72,31.0625293,35.0317519,הנרקיס,14,exact
693649.65,3438182.37,31.061451,35.0295687,מצדה,4,exact
693707.96,3438203.93,31.0616358,35.0301836,מצדה,5,exact
693722.96,3438201.45,31.061611,35.0303403,מצדה,9,exact
693803.7,3438177.15,31.0613785,35.0311814,מצדה,11,street
693831.16,3438190.05,31.0614903,35.0314715,מצדה,43,exact
693851.19,3438185.7,31.0614478,35.0316805,מצדה,45,exact
693816.33,3438254.83,31.0620769,35.0313286,הכלנית,,street
693759.34,3438268.84,31.0622127,35.0307343,הכלנית,1,exact
693739.1,3438251.18,31.0620568,35.0305189,הכלנית,8,exact
693912.07,3438269.99,31.0621978,35.0323344,הכלנית,25,exact
693571.1,3438083.25,31.0605702,35.0287269,נוה מדבר,,street
693544.71,3438073.41,31.0604858,35.0284486,נוה מדבר,33,exact
693457.82,3438117.63,31.0608988,35.0275469,נוה מדבר,58,exact
693897.69,3438067.09,31.0603706,35.0321448,בבא סאלי,,street
693370.46,3438042.63,31.0602369,35.0266175,בבא סאלי,1,exact
693378.82,3438044.42,31.0602517,35.0267054,בבא סאלי,3,exact
693388.86,3438031.63,31.0601347,35.0268081,בבא סאלי,5,exact
693399.45,3438029.32,31.0601121,35.0269186,בבא סאלי,7,exact
693423.71,3438014.37,31.0599733,35.0271698,בבא סאלי,9,exact
693433.78,3438013.89,31.0599673,35.0272752,בבא סאלי,11,exact
693485.48,3437923.53,31.059144,35.0277995,בבא סאלי,12,exact
693445.39,3438001.42,31.059853,35.0273945,בבא סאלי,13,exact
693508.04,3437930.65,31.0592045,35.0280372,בבא סאלי,14,exact
693467.52,3437994.29,31.059785,35.0276249,בבא סאלי,17,exact
693524.07,3437932.33,31.059217,35.0282054,בבא סאלי,18,exact
693481.38,3437994.63,31.0597858,35.0277702,בבא סאלי,19,exact
693533.15,3437934.16,31.059232,35.0283009,בבא סאלי,20,exact
693495.18,3437980.48,31.0596559,35.027912,בבא סאלי,21,exact
693547.64,3437936.52,31.0592509,35.0284531,בבא סאלי,22,exact
693529.38,3438005.68,31.0598775,35.0282751,בבא סאלי,23,exact
693555.08,3437939.07,31.0592727,35.0285315,בבא סאלי,24,exact
693538.29,3437999.09,31.0598167,35.0283671,בבא סאלי,25,exact
693572.76,3437940.32,31.059281,35.028717,בבא סאלי,26,exact
693552.33,3437998.16,31.059806,35.028514,בבא סאלי,27,exact
693583.66,3437945.44,31.0593254,35.0288321,בבא סאלי,28,exact
693563.34,3437999.9,31.0598198,35.0286297,בבא סאלי,29,exact
693604.35,3437944.75,31.0593158,35.0290487,בבא סאלי,30,exact
693584.39,3437992.89,31.0597531,35.0288488,בבא סאלי,31,exact
693607.53,3437941.76,31.0592883,35.0290814,בבא סאלי,32,exact
693588.78,3437996.13,31.0597816,35.0288954,בבא סאלי,33,exact
693622.81,3437942.36,31.0592912,35.0292416,בבא סאלי,34,exact
693599.65,3437985.47,31.0596837,35.0290073,בבא סאלי,35,exact
693609.67,3437976.4,31.0596003,35.0291105,בבא סאלי,37,exact
693648.43,3437935.46,31.0592247,35.0295086,בבא סאלי,38,exact
693635.74,3437987.55,31.0596965,35.0293857,בבא סאלי,39,exact
693646.8,3437990.67,31.0597228,35.0295021,בבא סאלי,41,exact
693662.25,3437988.31,31.059699,35.0296635,בבא סאלי,43,exact
693671.73,3437977.5,31.0596,35.0297608,בבא סאלי,45,exact
693897.3,3438036.38,31.0600937,35.0321349,בבא סאלי,64,exact
693928.18,3438050.2,31.0602132,35.032461,בבא סאלי,65,exact
693965.69,3438066.26,31.0603519,35.032857,בבא סאלי,66,exact
694016.88,3438107.45,31.0607148,35.0334011,בבא סאלי,68,exact
694061.83,3438125.55,31.0608706,35.0338754,בבא סאלי,69,exact
694093.59,3438138.72,31.0609841,35.0342106,בבא סאלי,70,exact
694160.29,3438156.88,31.0611369,35.0349128,בבא סאלי,71,exact
693899.84,3438039.32,31.0601198,35.032162,בבא סאלי,72,exact
693947.56,3438137.2,31.0609945,35.0326807,בבא סאלי,73,exact
693932.23,3438052.26,31.0602311,35.0325038,בבא סאלי,74,exact
693953.34,3438132.2,31.0609485,35.0327403,בבא סאלי,75,exact
693941.27,3438056.82,31.0602708,35.0325994,בבא סאלי,76,exact
694039.42,3438164.83,31.0612285,35.0336482,בבא סאלי,77,exact
693956.86,3438062.68,31.060321,35.0327638,בבא סאלי,78,exact
694176.16,3438201.65,31.0615379,35.0350876,בבא סאלי,79,exact
693969.95,3438067.52,31.0603625,35.0329018,בבא סאלי,80,exact
693994.8,3438100.17,31.0606528,35.0331684,בבא סאלי,82,exact
694015.53,3438109.17,31.0607306,35.0333873,בבא סאלי,84,exact
694029.09,3438114.18,31.0607735,35.0335303,בבא סאלי,86,exact
694061.3,3438162.06,31.0611999,35.0338769,בבא סאלי,87,exact
694053.22,3438122.99,31.060849,35.0337847,בבא סאלי,88,exact
694109.12,3438179.02,31.061345,35.034381,בבא סאלי,89,exact
694066.99,3438129.83,31.0609084,35.0339303,בבא סאלי,90,exact
694126.47,3438183.26,31.0613803,35.0345636,בבא סאלי,91,exact
694100.36,3438142.44,31.0610166,35.0342823,בבא סאלי,94,exact
694135.81,3438150.45,31.0610829,35.0346551,בבא סאלי,98,exact
694150.79,3438155.7,31.0611278,35.0348131,בבא סאלי,100,exact
694164.87,3438160.71,31.0611706,35.0349615,בבא סאלי,102,exact
694211.03,3438177.28,31.0613124,35.0354482,בבא סאלי,104,exact
694226.84,3438180.43,31.0613382,35.0356144,בבא סאלי,106,exact
694256.95,3438199.15,31.061502,35.0359334,בבא סאלי,110,exact
694273.31,3438204.19,31.0615448,35.0361058,בבא סאלי,112,exact
694291.27,3438210.54,31.0615991,35.0362951,בבא סאלי,114,exact
694313.36,3438306.18,31.0624578,35.0365449,בבא סאלי,127,exact
694315.03,3438318.6,31.0625696,35.0365648,בבא סאלי,129,exact
693594.88,3437866.17,31.0586087,35.0289345,קדש,,street
693613.12,3437837.01,31.0583428,35.0291199,קדש,23,exact
693603.87,3437834.76,31.058324,35.0290226,קדש,25,exact
693577.07,3437826.22,31.0582514,35.0287403,קדש,29,exact
693844.27,3438068.35,31.0603907,35.0315855,ניצנה,135,street
694632.84,3438611.98,31.0651625,35.0399504,עבדת,1,exact
694664.45,3438612.52,31.0651621,35.0402816,עבדת,4,exact
694636.15,3438632.48,31.0653468,35.039989,עבדת,5,exact
694667.37,3438626.93,31.0652916,35.0403149,עבדת,6,exact
694671.16,3438633.24,31.0653478,35.0403559,עבדת,8,exact
694641.49,3438653.67,31.065537,35.040049,עבדת,9,exact
694675.76,3438646.32,31.065465,35.0404066,עבדת,10,exact
694678.54,3438654.91,31.065542,35.0404373,עבדת,12,exact
694770,3438652.52,31.0655053,35.041395,עבדת,14,street
694652.45,3438688.73,31.0658513,35.0401706,עבדת,15,exact
694765.09,3438641.63,31.0654079,35.0413414,עבדת,16,exact
694653.63,3438707.9,31.066024,35.0401866,עבדת,19,exact
694818.21,3438619.77,31.065202,35.0418937,עבדת,20,exact
694676,3438701.59,31.0659634,35.0404197,עבדת,21,exact
694682.21,3438695.01,31.065903,35.0404835,עבדת,23,exact
694844.44,3438610.66,31.0651155,35.0421667,עבדת,24,exact
694697.9,3438690.59,31.0658605,35.040647,עבדת,25,exact
694703.95,3438691.72,31.0658697,35.0407106,עבדת,27,exact
694721.9,3438688.17,31.0658347,35.040898,עבדת,29,exact
694874.35,3438601.84,31.065031,35.0424783,עבדת,30,exact
694726.62,3438682.52,31.065783,35.0409463,עבדת,31,exact
694746.75,3438682.54,31.0657798,35.0411572,עבדת,33,exact
694754.74,3438676.07,31.0657202,35.0412396,עבדת,35,exact
694768.02,3438672.58,31.0656865,35.0413781,עבדת,37,exact
694776.2,3438670.28,31.0656644,35.0414633,עבדת,39,exact
694797.33,3438666.31,31.0656251,35.0416839,עבדת,41,exact
694800.87,3438663.54,31.0655995,35.0417205,עבדת,43,exact
694822.96,3438657,31.0655369,35.0419506,עבדת,45,exact
694825.57,3438653.18,31.065502,35.0419772,עבדת,47,exact
694849.88,3438649.97,31.065469,35.0422313,עבדת,51,exact
694865.64,3438649.42,31.0654615,35.0423962,עבדת,53,exact
694869.8,3438643.33,31.0654059,35.0424386,עבדת,55,exact
693668.49,3438696.51,31.0660841,35.0298646,האורן,8,exact
693642.99,3438698.37,31.0661051,35.0295978,האורן,12,exact
693566.33,3438646.65,31.0656514,35.0287848,האורן,39,street
693641.02,3438592.57,31.0651514,35.0295569,רחבת האשלג,4,exact
693639.09,3438626.76,31.06546,35.0295432,רחבת האשלג,10,exact
693641.25,3438641.37,31.0655914,35.0295686,רחבת האשלג,12,exact
693622.01,3438555.05,31.0648162,35.0293506,רחבת האשלג,13,exact
693635.66,3438648.55,31.0656571,35.0295115,רחבת האשלג,14,exact
693604.89,3438564.92,31.064908,35.0291731,רחבת האשלג,15,exact
693598.69,3438567.99,31.0649367,35.0291088,רחבת האשלג,17,exact
693604.32,3438653.88,31.0657103,35.0291842,רחבת האשלג,18,exact
693597.86,3438592.14,31.0651546,35.0291047,רחבת האשלג,19,exact
693601.84,3438600.87,31.0652327,35.029148,רחבת האשלג,21,exact
693592.3,3438611.63,31.0653313,35.0290502,רחבת האשלג,23,exact
693595.67,3438620.95,31.0654148,35.0290873,רחבת האשלג,25,exact
693594.49,3438636.35,31.0655539,35.0290778,רחבת האשלג,27,exact
693589.44,3438644.75,31.0656304,35.0290266,רחבת האשלג,29,exact
693856.5,3438657.15,31.0656982,35.0318265,הצאלה,1,exact
693847.38,3438655.19,31.065682,35.0317306,הצאלה,3,exact
693831.13,3438665.62,31.0657788,35.0315624,הצאלה,5,exact
693821.6,3438670.06,31.0658204,35.0314634,הצאלה,7,exact
693763.76,3438682.27,31.06594,35.0308598,הצאלה,11,exact
693756.83,3438687.7,31.0659901,35.0307883,הצאלה,13,exact
693744.82,3438687.99,31.0659947,35.0306625,הצאלה,15,exact
693735.21,3438693.73,31.0660481,35.030563,הצאלה,17,exact
693731.72,3438447.71,31.0638302,35.0304792,רחבת אורון,1,street
693728.7,3438434.75,31.0637138,35.0304451,רחבת אורון,4,exact
693732.5,3438474.59,31.0640724,35.0304926,רחבת אורון,5,exact
693742.82,3438432.69,31.0636929,35.0305926,רחבת אורון,6,exact
693752.17,3438464.89,31.0639817,35.0306968,רחבת אורון,7,exact
693767.42,3438472.97,31.0640521,35.0308581,רחבת אורון,9,exact
693772.16,3438433.76,31.0636977,35.0309002,רחבת אורון,10,exact
693796.01,3438471.35,31.0640327,35.0311572,רחבת אורון,11,exact
693790.99,3438441.01,31.06376,35.0310988,רחבת אורון,12,exact
693807.18,3438473.13,31.0640469,35.0312746,רחבת אורון,13,exact
693789.31,3438453.89,31.0638764,35.0310837,רחבת אורון,14,exact
694031.01,3438207.2,31.061612,35.0335682,קציעות,,street
694075.36,3438166.49,31.0612376,35.034025,קציעות,3,exact
694018.88,3438159.02,31.0611795,35.0334319,קציעות,7,exact
694055.44,3438217.66,31.0617023,35.0338262,קציעות,8,exact
693765.65,3438858.83,31.0675318,35.0309135,הרצל,,street
693827.67,3438901.34,31.0679049,35.0315713,הרצל,34,exact
694222.26,3438834.08,31.0672332,35.035692,הרצל,35,exact
693804.17,3438901.11,31.0679067,35.0313251,הרצל,36,exact
694208.84,3438835.25,31.067246,35.0355517,הרצל,37,exact
693750.14,3438895.7,31.0678669,35.0307581,הרצל,40,exact
694188.07,3438853.52,31.0674142,35.0353376,הרצל,41,exact
693708.15,3438890.89,31.0678304,35.0303173,הרצל,42,exact
693850.77,3438831.58,31.0672721,35.0317999,הרצל,55,exact
693836.98,3438831.09,31.0672699,35.0316554,הרצל,57,exact
693823.98,3438831.86,31.067279,35.0315194,הרצל,59,exact
693800.37,3438827.65,31.0672449,35.0312712,הרצל,61,exact
693800.06,3438994.1,31.0687459,35.0312999,הרצל,62,exact
693786.68,3438825.69,31.0672295,35.0311274,הרצל,63,exact
693420.95,3438730.37,31.0664303,35.0272779,הרצל,117,exact
693971.11,3438160.12,31.0611973,35.0329318,סביון,,street
694202.5,3438624.83,31.0653496,35.0354448,עזרא ונחמיה,,street
694181.56,3438641.75,31.0655056,35.0352287,עזרא ונחמיה,243,exact
693765.43,3438549.67,31.064744,35.0308519,השיטה,,street
693754.19,3438501.93,31.0643154,35.030725,השיטה,45,exact
693774.29,3438532.11,31.0645842,35.0309414,השיטה,46,exact
693770.88,3438559.98,31.0648361,35.030911,השיטה,47,exact
693735.47,3438549.24,31.0647451,35.030538,השיטה,48,exact
693948.23,3438368.54,31.0630805,35.0327321,רקפת,,street
693868.4,3438351.7,31.0629419,35.0318926,האיריס,,street
694120.53,3438652.94,31.0656166,35.0345916,"מ""ג המעפילים",,street
694144.91,3438433.52,31.063634,35.0348048,"מ""ג המעפילים",2,exact
694144.9,3438750.76,31.0664947,35.0348656,"מ""ג המעפילים",227,exact
694141.93,3438775.68,31.0667199,35.0348393,"מ""ג המעפילים",228,exact
694139.28,3438801.03,31.0669489,35.0348164,"מ""ג המעפילים",229,exact
694140.33,3438827.2,31.0671847,35.0348324,"מ""ג המעפילים",230,exact
694141.97,3438697.29,31.066013,35.0348247,"מ""ג המעפילים",245,exact
694358.86,3438724.04,31.0662183,35.0371018,המכבים,,street
694339.95,3438703.8,31.066039,35.0368999,המכבים,247,exact
694375.51,3438695.58,31.0659589,35.0372708,המכבים,248,exact
694437.7,3438628.72,31.0653457,35.0379094,מתתיהו הכהן,222,exact
694464.5,3438623.91,31.0652979,35.0381892,מתתיהו הכהן,223,exact
694489.86,3438614.97,31.0652131,35.0384532,מתתיהו הכהן,224,exact
694514.67,3438608.98,31.065155,35.0387119,מתתיהו הכהן,225,exact
694539.89,3438601.95,31.0650874,35.0389747,מתתיהו הכהן,226,exact
694503.54,3438647.22,31.0655017,35.0386027,מתתיהו הכהן,249,exact
694283.11,3438554.99,31.0647065,35.0362758,בר כוכבא,,street
694309.17,3438502.03,31.0642246,35.0365386,בר כוכבא,206,exact
694308.22,3438530.33,31.06448,35.0365341,בר כוכבא,207,exact
692558.11,3438736.35,31.066626,35.0182402,המלאכה,,street
694491.9,3438544.89,31.0645808,35.038461,הסנהדרין,274,exact
694444.5,3438519.11,31.0643562,35.0379596,הסנהדרין,275,exact
694446.78,3438492.16,31.0641128,35.0379783,הסנהדרין,276,exact
694503.88,3438512.14,31.0642835,35.0385802,הסנהדרין,277,exact
694630.71,3438443.66,31.063645,35.0398956,כובשי אילת,,street
694392.81,3438237.09,31.0618217,35.0373639,כובשי אילת,2,exact
694449.61,3438242.01,31.0618567,35.0379598,כובשי אילת,103,exact
694443.97,3438763.07,31.0665562,35.0380009,החשמונאים,235,exact
694445.3,3438736.01,31.066312,35.0380097,החשמונאים,236,exact
694444.77,3438710.4,31.0660811,35.0379992,החשמונאים,237,exact
694487.57,3438732.62,31.0662744,35.0384518,החשמונאים,502,street
693746.71,3438625.13,31.0654276,35.0306703,הברוש,,street
693783.81,3438633.05,31.0654929,35.0310604,הברוש,4,exact
693810.64,3438642.28,31.0655717,35.0313433,הברוש,7,exact
693807.15,3438627.32,31.0654374,35.0313038,הברוש,9,exact
693772.07,3438604.37,31.0652362,35.030932,הברוש,11,exact
693723.03,3438638.66,31.0655535,35.0304248,הברוש,19,exact
693547.42,3438442.3,31.0638118,35.0285476,השקד,1,street
693145,3438398.99,31.0634875,35.0243239,התירוש,,street
693965.09,3438025.95,31.0599885,35.032843,היורה,13,exact
693953.62,3438010.11,31.0598475,35.0327198,היורה,67,street
694193.78,3438332.81,31.0627178,35.0352974,הצבר,25,street
693617.55,3439086.97,31.0696135,35.0294057,העצמאות,1006,street
694274.81,3439353.02,31.071904,35.0363423,המעפיל,1,street
693699.07,3439273.8,31.0712848,35.0302955,המעפיל,2,exact
693718.16,3439314.69,31.0716504,35.0305034,המעפיל,4,exact
693753.58,3439317.74,31.071672,35.030875,המעפיל,6,exact
693996.22,3439372.92,31.0721295,35.0334275,המעפיל,9,exact
694006.98,3439366.97,31.0720741,35.0335391,המעפיל,11,exact
694006.4,3439332.14,31.0717601,35.0335264,המעפיל,12,exact
694018.34,3439373.2,31.0721284,35.0336593,המעפיל,13,exact
694014.62,3439328.57,31.0717266,35.0336118,המעפיל,14,exact
694034.15,3439367.58,31.0720751,35.0338239,המעפיל,15,exact
694021.46,3439332.89,31.0717644,35.0336843,המעפיל,16,exact
694044.92,3439372.77,31.0721201,35.0339377,המעפיל,17,exact
694058.1,3439368.66,31.0720809,35.034075,המעפיל,19,exact
694136.98,3439372.61,31.0721035,35.0349021,המעפיל,21,exact
694148.77,3439336.35,31.0717745,35.0350187,המעפיל,22,exact
694182.04,3439337.48,31.0717792,35.0353674,המעפיל,26,exact
694176.44,3439380.19,31.0721653,35.035317,המעפיל,27,exact
694198.69,3439334.89,31.0717531,35.0355414,המעפיל,28,exact
694190.38,3439386.38,31.0722188,35.0354642,המעפיל,29,exact
694245.19,3439335.88,31.0717544,35.0360287,המעפיל,32,exact
694282.53,3439337.43,31.0717622,35.0364202,המעפיל,36,exact
694303.16,3439336.98,31.0717547,35.0366362,המעפיל,38,exact
694360.37,3439338.17,31.0717559,35.0372358,המעפיל,42,exact
694378.89,3439339.1,31.0717613,35.03743,המעפיל,44,exact
694251.04,3439377.17,31.0721257,35.0360979,המעפיל,47,exact
694261.92,3439382.41,31.0721712,35.0362129,המעפיל,49,exact
694437.21,3439339.34,31.0717538,35.038041,המעפיל,50,exact
694277.08,3439385,31.072192,35.0363722,המעפיל,51,exact
694290.03,3439383.25,31.0721741,35.0365075,המעפיל,53,exact
694541.11,3439350.07,31.0718333,35.0391315,המעפיל,54,exact
694304.81,3439390.79,31.0722396,35.0366638,המעפיל,55,exact
694558.95,3439347.9,31.0718108,35.039318,המעפיל,56,exact
694578,3439349.82,31.0718249,35.0395179,המעפיל,58,exact
694612.58,3439377.08,31.072065,35.0398854,המעפיל,59,exact
694593.91,3439350.68,31.0718301,35.0396848,המעפיל,60,exact
694643.58,3439376.24,31.0720523,35.04021,המעפיל,61,exact
694639.07,3439343.79,31.0717605,35.0401565,המעפיל,64,exact
694681.9,3439357.72,31.071879,35.0406079,המעפיל,65,exact
694660.4,3439336.18,31.0716883,35.0403785,המעפיל,66,exact
694695.89,3439350.68,31.0718132,35.0407531,המעפיל,67,exact
694674.31,3439323.05,31.0715676,35.0405217,המעפיל,68,exact
694711.72,3439335.87,31.071677,35.0409161,המעפיל,69,exact
694688.98,3439310.28,31.07145,35.0406729,המעפיל,70,exact
694720.69,3439321.37,31.0715447,35.0410073,המעפיל,71,exact
694701.67,3439300.97,31.0713639,35.0408041,המעפיל,72,exact
694765.12,3439279.24,31.0711575,35.0414646,המעפיל,73,exact
694782.3,3439265.46,31.0710304,35.0416419,המעפיל,75,exact
694728.86,3439266.99,31.071053,35.0410824,המעפיל,76,exact
694790.29,3439248.85,31.0708793,35.0417224,המעפיל,77,exact
694742.22,3439255.69,31.0709489,35.0412202,המעפיל,78,exact
694796.86,3439234.96,31.0707529,35.0417886,המעפיל,79,exact
694807.43,3439216.56,31.0705852,35.0418958,המעפיל,81,exact
694765.5,3439229.09,31.0707052,35.0414589,המעפיל,82,exact
694813.95,3439200.52,31.0704395,35.041961,המעפיל,83,exact
694777.9,3439210.08,31.0705317,35.0415852,המעפיל,84,exact
694823.68,3439161.25,31.0700838,35.0420553,המעפיל,85,exact
694836.62,3439151.73,31.0699958,35.0421891,המעפיל,87,exact
694814.02,3439127.63,31.0697822,35.0419477,המעפיל,88,exact
694826.84,3439115.66,31.0696722,35.0420797,המעפיל,90,exact
694857.87,3439128.84,31.0697859,35.0424073,המעפיל,91,exact
694838.39,3439107.04,31.0695925,35.042199,המעפיל,92,exact
694849.62,3439096.18,31.0694927,35.0423145,המעפיל,94,exact
694862.08,3439087.76,31.0694147,35.0424435,המעפיל,96,exact
694871.54,3439073.89,31.0692881,35.0425399,המעפיל,98,exact
694142.96,3439372.93,31.0721054,35.0349648,המעפיל,1205,exact
693972.85,3439276.81,31.0712667,35.0331643,טיילת הספורט,,street
693991.82,3438947.46,31.0682937,35.0332998,טיילת הספורט,4,exact
693992.05,3438974.65,31.0685388,35.0333074,טיילת הספורט,6,exact
693990.92,3439002.68,31.0687918,35.033301,טיילת הספורט,8,exact
693990.22,3439030.7,31.0690446,35.033299,טיילת הספורט,10,exact
693989.63,3439057.65,31.0692877,35.033298,טיילת הספורט,12,exact
693983.73,3439191.01,31.0704912,35.0332618,טיילת הספורט,18,exact
693987.84,3439271.9,31.07122,35.0333204,טיילת הספורט,24,exact
693984.71,3439301.09,31.0714837,35.0332932,טיילת הספורט,26,exact
693983,3439329.32,31.0717386,35.0332807,טיילת הספורט,28,exact
693991.93,3439408.39,31.0724501,35.0333894,טיילת הספורט,32,exact
693991.85,3439451.48,31.0728387,35.0333968,טיילת הספורט,34,exact
693993.88,3439506.96,31.0733386,35.0334288,טיילת הספורט,36,exact
693980.77,3439561.9,31.0738362,35.033302,טיילת הספורט,40,exact
693980.56,3439591.21,31.0741005,35.0333054,טיילת הספורט,42,exact
693979.68,3439645.31,31.0745885,35.0333066,טיילת הספורט,46,exact
694133.24,3439038.7,31.0690931,35.0347988,המלך דוד,,street
694027.62,3439005.25,31.0688089,35.0336859,המלך דוד,288,exact
694028.83,3439031.25,31.0690432,35.0337036,המלך דוד,289,exact
694071.32,3439057.94,31.0692768,35.0341538,המלך דוד,293,exact
693963,3439672.61,31.0748374,35.0331371,סטרומה,,street
694505.92,3438738.31,31.0663227,35.0386451,רחבת האיסיים,1,exact
694500.98,3438712.87,31.0660941,35.0385885,רחבת האיסיים,2,exact
694518.69,3438711.88,31.0660822,35.0387738,רחבת האיסיים,4,exact
694546.1,3438724.69,31.0661932,35.0390634,רחבת האיסיים,5,exact
694531.15,3438678.87,31.0657825,35.038898,רחבת האיסיים,6,exact
694561.09,3438722.09,31.0661673,35.0392199,רחבת האיסיים,7,exact
694550.39,3438668.74,31.065688,35.0390976,רחבת האיסיים,8,exact
694567.14,3438702.31,31.0659879,35.0392795,רחבת האיסיים,9,street
694090.7,3438920.78,31.0680368,35.0343305,שד בן גוריון,1,exact
694095.37,3438946.29,31.068266,35.0343843,שד בן גוריון,3,exact
694097.74,3438967.18,31.068454,35.0344132,שד בן גוריון,5,exact
694095.51,3439020.56,31.0689357,35.0344001,שד בן גוריון,15,exact
694090.32,3439057.09,31.069266,35.0343527,שד בן גוריון,17,exact
694096.18,3439080.49,31.069476,35.0344186,שד בן גוריון,19,exact
694093.35,3439092.08,31.069581,35.0343912,שד בן גוריון,21,exact
694096.02,3439103.78,31.0696861,35.0344214,שד בן גוריון,23,exact
694095.68,3439129.25,31.0699158,35.0344227,שד בן גוריון,27,exact
694094.32,3439148.62,31.0700907,35.0344122,שד בן גוריון,29,exact
694091.34,3439159.51,31.0701894,35.0343831,שד בן גוריון,31,exact
694093.58,3439168.52,31.0702703,35.0344082,שד בן גוריון,33,exact
694092.92,3439188.35,31.0704492,35.0344051,שד בן גוריון,37,exact
694092.61,3439218.72,31.0707231,35.0344077,שד בן גוריון,39,exact
694092.41,3439227.4,31.0708014,35.0344073,שד בן גוריון,43,exact
694092.15,3439238.49,31.0709015,35.0344067,שד בן גוריון,47,exact
694091.91,3439249.03,31.0709965,35.0344062,שד בן גוריון,51,exact
694091.98,3439268.35,31.0711708,35.0344107,שד בן גוריון,53,exact
694091.82,3439289.81,31.0713643,35.0344131,שד בן גוריון,57,exact
694088.55,3439319.64,31.0716338,35.0343846,שד בן גוריון,63,exact
694091.33,3439330.27,31.0717292,35.0344157,שד בן גוריון,65,exact
694068.09,3439417.97,31.0725239,35.0341891,שד בן גוריון,67,exact
694089.12,3439395.08,31.072314,35.034405,שד בן גוריון,69,exact
694101.87,3439397.11,31.0723302,35.034539,שד בן גוריון,73,street
694082.76,3439528.43,31.0735175,35.034364,שד בן גוריון,83,exact
694084.59,3439540.93,31.0736299,35.0343856,שד בן גוריון,85,exact
694085.43,3439564.1,31.0738387,35.0343988,שד בן גוריון,87,exact
694082.95,3439577.07,31.0739561,35.0343754,שד בן גוריון,89,exact
694082.35,3439599.44,31.0741579,35.0343734,שד בן גוריון,93,exact
694084.4,3439610.83,31.0742603,35.034397,שד בן גוריון,95,exact
694081.86,3439624.42,31.0743833,35.034373,שד בן גוריון,97,exact
694069.03,3439644.25,31.0745642,35.0342424,שד בן גוריון,99,exact
694091.94,3439109.8,31.069741,35.0343798,שד בן גוריון,1041,exact
694088.1,3439168.57,31.0702716,35.0343509,שד בן גוריון,1042,exact
694088.41,3439245.92,31.0709691,35.034369,שד בן גוריון,1043,exact
694087.63,3439642.14,31.0745421,35.0344369,שד בן גוריון,1046,exact
694083.21,3439470.48,31.0729949,35.0343576,שד בן גוריון,1064,exact
694083.1,3439397.99,31.0723412,35.0343425,שד בן גוריון,1065,exact
694119.1,3439625.08,31.074383,35.0347633,שד בן גוריון,1101,exact
694112.85,3439821.83,31.0761583,35.0347356,שד בן גוריון,1318,exact
694164.52,3439472.42,31.0729989,35.0352098,דרך השלום,1,exact
694166.41,3439476.25,31.0730332,35.0352303,דרך השלום,3,exact
694186.44,3439453,31.0728202,35.0354357,דרך השלום,4,exact
694173.77,3439477.23,31.0730408,35.0353076,דרך השלום,5,exact
694188.94,3439460.54,31.0728878,35.0354634,דרך השלום,6,exact
694182.83,3439482.54,31.0730872,35.0354036,דרך השלום,9,exact
694197.04,3439462.45,31.0729037,35.0355486,דרך השלום,10,exact
694187.19,3439488.37,31.073139,35.0354504,דרך השלום,11,exact
694197.95,3439494.92,31.0731963,35.0355644,דרך השלום,13,exact
694200.37,3439501.59,31.073256,35.035591,דרך השלום,15,exact
694212.26,3439475.11,31.0730153,35.0357105,דרך השלום,16,exact
694206.75,3439500.18,31.0732423,35.0356576,דרך השלום,17,exact
694221.43,3439477.2,31.0730326,35.0358069,דרך השלום,18,exact
694209.02,3439507.39,31.0733069,35.0356827,דרך השלום,19,exact
694215.17,3439505.26,31.0732867,35.0357467,דרך השלום,21,exact
694233.49,3439486.62,31.0731156,35.0359351,דרך השלום,22,exact
694228.71,3439520.08,31.0734181,35.0358914,דרך השלום,25,exact
694254.57,3439490.1,31.0731435,35.0361566,דרך השלום,26,exact
694225.94,3439526.32,31.0734748,35.0358636,דרך השלום,27,exact
694286.07,3439493.96,31.0731731,35.0364873,דרך השלום,28,exact
694259.6,3439525.3,31.0734601,35.0362161,דרך השלום,29,exact
694318.89,3439504.44,31.0732621,35.0368332,דרך השלום,30,exact
694289.53,3439510.56,31.0733222,35.0365268,דרך השלום,31,street
694362.84,3439532.08,31.0735041,35.0372989,דרך השלום,34,exact
694371.6,3439538.28,31.0735586,35.0373919,דרך השלום,38,exact
694374.38,3439533.7,31.0735168,35.0374201,דרך השלום,40,exact
694381.35,3439544.47,31.0736128,35.0374952,דרך השלום,42,exact
694386.96,3439541.65,31.0735864,35.0375535,דרך השלום,44,exact
694325.71,3439547.13,31.073646,35.0369128,דרך השלום,47,exact
694398.32,3439544.57,31.0736109,35.037673,דרך השלום,48,exact
694343.96,3439558.32,31.0737438,35.0371062,דרך השלום,49,exact
694401.66,3439550.32,31.0736621,35.0377091,דרך השלום,50,exact
694347.04,3439553.78,31.0737024,35.0371376,דרך השלום,51,exact
694405.14,3439558.66,31.0737368,35.0377472,דרך השלום,52,exact
694353.67,3439564.51,31.0737981,35.0372091,דרך השלום,55,exact
694365.6,3439565.83,31.073808,35.0373343,דרך השלום,57,exact
694414.96,3439565.34,31.0737954,35.0378514,דרך השלום,58,exact
694364.8,3439572,31.0738637,35.0373271,דרך השלום,59,exact
694377.94,3439574.51,31.0738842,35.0374653,דרך השלום,61,exact
694385.49,3439573.73,31.0738759,35.0375442,דרך השלום,63,exact
694389.89,3439582.36,31.073953,35.037592,דרך השלום,65,exact
694399.39,3439582.2,31.07395,35.0376915,דרך השלום,69,exact
694428.2,3439605.98,31.0741597,35.0379979,דרך השלום,73,exact
694440.33,3439613.26,31.0742233,35.0381264,דרך השלום,77,exact
694453.17,3439614,31.0742278,35.038261,דרך השלום,81,exact
694351.77,3439681.87,31.0748566,35.0372118,מרחבים,,street
694573.62,3439754.13,31.0754715,35.0395499,מרחבים,1327,exact
694422.46,3439699.97,31.0750082,35.0379558,מרחבים,1331,exact
694882.16,3439308.35,31.0714005,35.0426963,הפסגה,,street
694553.82,3439379.05,31.0720925,35.0392702,הפסגה,1,exact
694591.6,3439380.77,31.0721018,35.0396664,הפסגה,2,exact
694556.52,3439395.89,31.0722439,35.0393018,הפסגה,3,exact
694589.55,3439399.68,31.0722726,35.0396485,הפסגה,4,exact
694555.32,3439413.23,31.0724005,35.0392925,הפסגה,5,exact
694589.01,3439415.59,31.0724162,35.0396459,הפסגה,6,exact
694556.26,3439436.41,31.0726094,35.0393068,הפסגה,7,exact
694591.38,3439457.42,31.072793,35.0396788,הפסגה,10,exact
694566.67,3439471.23,31.0729216,35.0394226,הפסגה,11,exact
694628.88,3439489.95,31.0730801,35.0400779,הפסגה,14,exact
694616.43,3439516.13,31.0733183,35.0399526,הפסגה,17,exact
694686.67,3439478.51,31.0729674,35.0406812,הפסגה,20,exact
694649.9,3439524.98,31.0733925,35.0403049,הפסגה,21,exact
694712.04,3439471.98,31.0729043,35.0409457,הפסגה,22,exact
694687.9,3439519.06,31.0733328,35.0407019,הפסגה,25,exact
694737.19,3439446.5,31.0726704,35.0412043,הפסגה,26,exact
694702.88,3439512.16,31.0732681,35.0408575,הפסגה,27,exact
694751.64,3439435.56,31.0725693,35.0413535,הפסגה,28,exact
694731.6,3439501.27,31.0731652,35.0411562,הפסגה,29,exact
694761.78,3439421.44,31.0724403,35.041457,הפסגה,30,exact
694742.26,3439488.89,31.0730518,35.0412655,הפסגה,31,exact
694760.42,3439477.14,31.0729428,35.0414535,הפסגה,33,exact
694786.85,3439397.96,31.0722244,35.0417151,הפסגה,34,exact
694770.98,3439460.82,31.0727939,35.041561,הפסגה,35,exact
694798.83,3439383.17,31.0720891,35.0418378,הפסגה,36,exact
694781.89,3439445.85,31.0726571,35.0416724,הפסגה,37,exact
694815.33,3439365.78,31.0719295,35.0420073,הפסגה,38,exact
694794.69,3439433.11,31.0725401,35.0418041,הפסגה,39,exact
694824.55,3439349.25,31.0717789,35.0421007,הפסגה,40,exact
694807.96,3439418.81,31.0724089,35.0419403,הפסגה,41,exact
694850.47,3439324.82,31.0715543,35.0423675,הפסגה,44,exact
694840.88,3439390.45,31.0721477,35.0422797,הפסגה,45,exact
694860.67,3439310.1,31.0714199,35.0424716,הפסגה,46,exact
694854.56,3439375.61,31.0720116,35.0424202,הפסגה,47,exact
694874.68,3439295.31,31.0712842,35.0426155,הפסגה,48,exact
694857.71,3439362.86,31.0718961,35.0424507,הפסגה,49,exact
694894.57,3439274.04,31.0710891,35.0428197,הפסגה,50,exact
694908.16,3439255.54,31.07092,35.0429585,הפסגה,52,exact
694881.27,3439333.93,31.0716314,35.042692,הפסגה,53,exact
694896.2,3439319.41,31.071498,35.0428456,הפסגה,55,exact
694933.58,3439223.53,31.0706272,35.0432187,הפסגה,56,exact
694907.55,3439308.71,31.0713996,35.0429624,הפסגה,57,exact
694940.62,3439206.27,31.0704704,35.0432891,הפסגה,58,exact
694921.9,3439295.04,31.0712739,35.0431101,הפסגה,59,exact
694940.06,3439186.46,31.0702918,35.0432794,הפסגה,60,exact
694940.49,3439300.84,31.0713231,35.043306,הפסגה,61,exact
694935.94,3439168.61,31.0701315,35.0432328,הפסגה,62,exact
694965.47,3439307.26,31.0713769,35.0435689,הפסגה,63,exact
694927.51,3439137.68,31.069854,35.0431385,הפסגה,66,exact
695002.69,3439300.42,31.071309,35.0439575,הפסגה,67,exact
694922.68,3439120.01,31.0696955,35.0430845,הפסגה,68,exact
695010.77,3439281.59,31.0711379,35.0440385,הפסגה,69,exact
694924.13,3439102.16,31.0695343,35.0430963,הפסגה,70,exact
695015.56,3439260.24,31.0709446,35.0440846,הפסגה,71,exact
694936.21,3439067.31,31.069218,35.0432161,הפסגה,72,exact
695002.06,3439248.78,31.0708435,35.0439409,הפסגה,73,exact
694944.6,3439050.48,31.0690649,35.0433007,הפסגה,74,exact
694984.57,3439236.32,31.070734,35.0437553,הפסגה,75,exact
694946.17,3439032.62,31.0689036,35.0433137,הפסגה,76,exact
694956.75,3439245.87,31.0708248,35.0434657,הפסגה,77,exact
694945.88,3439017.36,31.068766,35.0433077,הפסגה,78,exact
694950.32,3438985.47,31.0684777,35.0433481,הפסגה,82,exact
694972.16,3439201.2,31.0704194,35.0436185,הפסגה,83,exact
694948.86,3438972.17,31.068358,35.0433302,הפסגה,84,exact
694971.88,3439185.1,31.0702743,35.0436125,הפסגה,85,exact
694947.18,3438956.03,31.0682128,35.0433095,הפסגה,86,exact
694966.24,3439168.56,31.0701261,35.0435502,הפסגה,87,exact
694961.63,3439153.75,31.0699933,35.0434991,הפסגה,89,exact
694942.93,3438921.75,31.0679043,35.0432584,הפסגה,90,exact
694961.44,3439137.87,31.0698501,35.043494,הפסגה,91,exact
694954.49,3439122.39,31.0697117,35.0434182,הפסגה,93,exact
694961.37,3439087.74,31.0693981,35.0434836,הפסגה,97,exact
694970.34,3439075.14,31.069283,35.0435751,הפסגה,99,exact
694975.69,3439060.2,31.0691474,35.0436283,הפסגה,101,exact
694978.1,3439019.4,31.0687791,35.0436457,הפסגה,105,exact
694981.61,3438987.5,31.0684908,35.0436763,הפסגה,109,exact
694979.86,3438972.88,31.0683593,35.0436551,הפסגה,111,exact
694979.47,3438941.45,31.0680759,35.043645,הפסגה,115,exact
694978.92,3438923.68,31.0679158,35.0436358,הפסגה,117,exact
694974,3438909.42,31.067788,35.0435815,הפסגה,119,exact
694764.71,3439333.41,31.071646,35.0414708,המעלה,,street
694664.09,3439407.11,31.0723273,35.0404309,המעלה,2,exact
694702.92,3439425.07,31.0724828,35.0408411,המעלה,3,exact
694684.7,3439400.28,31.0722623,35.0406454,המעלה,4,exact
694717.03,3439413.05,31.0723721,35.0409866,המעלה,5,exact
694697,3439385.7,31.0721288,35.0407715,המעלה,6,exact
694729.45,3439400.86,31.0722601,35.0411144,המעלה,7,exact
694709.77,3439376.01,31.0720393,35.0409034,המעלה,8,exact
694742.63,3439390.98,31.0721688,35.0412505,המעלה,9,exact
694728.19,3439368.43,31.0719679,35.0410949,המעלה,10,exact
694758.19,3439377.21,31.0720421,35.0414109,המעלה,11,exact
694739.1,3439356.49,31.0718584,35.0412069,המעלה,12,exact
694749.43,3439342.19,31.0717277,35.0413124,המעלה,14,exact
694784.58,3439344.75,31.071745,35.0416811,המעלה,15,exact
694797.74,3439332.15,31.0716292,35.0418165,המעלה,17,exact
694805.02,3439283.23,31.0711868,35.0418834,המעלה,18,exact
694808.83,3439317.56,31.0714958,35.0419299,המעלה,19,exact
694816.09,3439269.66,31.0710626,35.0419967,המעלה,20,exact
694832.74,3439292.85,31.071269,35.0421756,המעלה,23,exact
694834.76,3439235.52,31.0707517,35.0421857,המעלה,24,exact
694849.39,3439277.12,31.0711244,35.042347,המעלה,25,exact
694841.52,3439216.71,31.0705809,35.0422529,המעלה,26,exact
694874.84,3439264.08,31.0710026,35.0426111,המעלה,27,exact
694896.77,3439242.4,31.0708034,35.0428367,המעלה,29,exact
694879.42,3439227.99,31.0706764,35.0426521,המעלה,31,exact
694863.63,3439224.83,31.0706505,35.0424861,המעלה,33,exact
694139.73,3439535.07,31.073568,35.0349621,ערוגות,4,exact
694134.85,3439553.61,31.073736,35.0349146,ערוגות,5,exact
694144.58,3439542.86,31.0736374,35.0350144,ערוגות,6,exact
694144.54,3439554.22,31.0737399,35.0350162,ערוגות,7,exact
694154.91,3439544.32,31.0736489,35.0351229,ערוגות,8,exact
694154.75,3439562.77,31.0738153,35.0351248,ערוגות,9,exact
694163.76,3439555.5,31.0737482,35.0352178,ערוגות,10,exact
694174.67,3439557.19,31.0737617,35.0353324,ערוגות,12,exact
694170.08,3439571.59,31.0738923,35.0352871,ערוגות,13,exact
694179.43,3439564.89,31.0738303,35.0353838,ערוגות,14,exact
694175.94,3439581.11,31.0739772,35.0353503,ערוגות,15,exact
694188.45,3439565.64,31.0738356,35.0354784,ערוגות,16,exact
694369.55,3439610.27,31.0742081,35.0373843,הזמיר,135,exact
694393.21,3439620,31.0742919,35.037634,הזמיר,137,street
694230.33,3439612.86,31.0742545,35.0359262,דוכיפת,122,street
694440.34,3439505.43,31.073251,35.0381057,היונה,4,exact
694429.97,3439485.1,31.0730693,35.0379932,היונה,148,street
694441.86,3439411.44,31.0724032,35.0381036,היונה,156,exact
694452.07,3439388.61,31.0721956,35.0382061,היונה,186,exact
694477.24,3439522.49,31.0733987,35.0384956,השלוה,,street
694640.48,3438594.29,31.0650017,35.040027,מילרוד אליעזר,,street
694593.89,3438589.98,31.0649705,35.0395381,מילרוד אליעזר,2,exact
694616.65,3438582.74,31.0649015,35.0397751,מילרוד אליעזר,6,exact
694623.78,3438577.69,31.0648548,35.0398488,מילרוד אליעזר,8,exact
694641.67,3438576.72,31.0648431,35.0400361,מילרוד אליעזר,10,exact
694649.36,3438572.72,31.0648057,35.0401158,מילרוד אליעזר,12,exact
694664.97,3438569.75,31.0647763,35.0402788,מילרוד אליעזר,14,exact
694194.31,3439424.09,31.0725582,35.0355126,נבטים,1,exact
694198.15,3439418.67,31.0725087,35.0355518,נבטים,2,exact
694198.17,3439430.41,31.0726146,35.0355543,נבטים,3,exact
694206.1,3439421.04,31.0725287,35.0356355,נבטים,4,exact
694211.5,3439428.75,31.0725974,35.0356936,נבטים,6,exact
694221.34,3439429.68,31.0726041,35.0357969,נבטים,8,exact
694226.02,3439444.14,31.0727338,35.0358487,נבטים,9,exact
694233.13,3439440.99,31.0727042,35.0359225,נבטים,10,exact
694228.69,3439451.67,31.0728012,35.0358781,נבטים,11,exact
694242.66,3439442.23,31.0727138,35.0360226,נבטים,12,exact
694238.22,3439451.9,31.0728017,35.035978,נבטים,13,exact
694243.62,3439461.15,31.0728842,35.0360363,נבטים,15,exact
693726.32,3439244.89,31.0710196,35.0305755,עלית הנוער,2,street
694071.78,3439139.66,31.0700136,35.0341743,שאול המלך,35,street
693159.14,3438258.17,31.0622153,35.0244451,הסדנה,,street
693254.34,3438288.59,31.062474,35.0254481,הסדנה,1,exact
693217.96,3438266.42,31.06228,35.0250628,הסדנה,7,exact
694820.49,3438712.11,31.0660343,35.0419354,העליה,,street
694641.18,3438738.33,31.0663004,35.040062,העליה,2,exact
694654.67,3438735.48,31.0662725,35.0402028,העליה,4,exact
694660.23,3438729.17,31.0662147,35.0402598,העליה,6,exact
694682.82,3438729.11,31.0662104,35.0404965,העליה,8,exact
694690.65,3438720.67,31.066133,35.0405769,העליה,10,exact
694714.24,3438712.83,31.0660584,35.0408225,העליה,14,exact
694730.67,3438712.37,31.0660515,35.0409945,העליה,16,exact
694758.05,3438703.58,31.0659677,35.0412796,העליה,20,exact
694763.87,3438699.79,31.0659326,35.0413399,העליה,22,exact
694779.63,3438699.13,31.065924,35.0415048,העליה,24,exact
694786.93,3438692.66,31.0658644,35.0415801,העליה,26,exact
694802.8,3438692.58,31.0658611,35.0417463,העליה,28,exact
694808.33,3438686.53,31.0658056,35.041803,העליה,30,exact
694835.94,3438679.04,31.0657335,35.0420908,העליה,34,exact
694858.07,3438673.33,31.0656783,35.0423215,העליה,38,exact
694873.45,3438672.87,31.0656716,35.0424826,העליה,40,exact
694880.61,3438667.93,31.0656259,35.0425566,העליה,42,exact
693713.62,3439867.97,31.0766403,35.0305619,התפוצות,13,street
694710.83,3439217.78,31.0706123,35.040884,הגיא,1,street
694630.37,3439307.32,31.071433,35.0400584,הגיא,2,exact
694608.74,3439287.52,31.0712581,35.039828,הגיא,5,exact
694663.98,3439292.69,31.0712955,35.0404077,הגיא,6,exact
694692.87,3439263.57,31.0710282,35.0407047,הגיא,10,exact
694717.69,3439235.28,31.0707689,35.0409593,הגיא,14,exact
694728.82,3439221.32,31.0706412,35.0410732,הגיא,16,exact
694218.01,3439580.59,31.0739655,35.035791,משעול שלדג,,street
694589.29,3439569.21,31.0738014,35.0396784,דוד אלעזר,,street
