itm_x	itm_y
202486.6	552388.56
202574.8	552324.11
202486.6	552388.56
202572.64	552349.53
202572.64	552349.53
202572.64	552349.53
202565.81	552374.22
202565.81	552374.22
202565.81	552374.22
202565.81	552374.22
202564	552400.49
202564	552400.49
202486.6	552388.56
202486.6	552388.56
202486.6	552388.56
202486.6	552388.56
202486.6	552388.56
202486.6	552388.56
202486.6	552388.56
202486.6	552388.56
202486.6	552388.56
202359.8	552540.39
202509.7	552600.96
202509.7	552600.96
202669.83	552683.95
202374.59	552635.9
202569.61	552707.25
202638.73	552681.53
202557.38	552685.74
202599.12	552675.9
202538.76	552687.98
202590.36	552670.36
202529.78	552680.96
202576.3	552671.43
202509.01	552687.92
202567.4	552673.63
202503.23	552679.09
202542.01	552664.37
202506.86	552714.6
202540.28	552658.31
202497.59	552709.48
202529.69	552663.83
202514.09	552660.05
202481.99	552683.99
202466.63	552648.64
202477.18	552677.27
202447.42	552644.93
202461.33	552678.25
202438.37	552636.98
202449.18	552675.94
202422.3	552636.32
202440.55	552670.84
202419.7	552621.46
202423.19	552668.54
202391.27	552627.79
202399.89	552663.89
202379.34	552619.02
202375.91	552650.72
202352.54	552610.9
202352.88	552650.35
202329.02	552599.77
202340.2	552636.36
202313.72	552591.61
202325.72	552630.49
202285.69	552573.12
202269.86	552567.27
202817.04	552828.53
202783.89	552847.77
202820.66	552615.19
202812.2	552635.35
202958.41	553726.62
202919.22	553876.87
202946.47	553619.45
202842	552481.74
202548.82	552487.81
202629.69	552490.53
202651.6	552570.26
202646.34	552564.82
202626.16	552562.31
202562.58	552536.46
202617.32	552566.29
202510.01	552536.37
202526.39	552527.99
202507.4	552524.18
202576.77	552566.23
202491.35	552519.39
202556.49	552562.79
202441.11	552497.5
202522.22	552554.62
202421.13	552493.75
202505.47	552548.15
202401.25	552490.11
202489.92	552544.76
202480.3	552536.94
202423.45	552527.1
202409.17	552519.98
202392.75	552518.14
203176.87	553509.46
203377.16	552484.04
203277.79	552499.62
203125.64	552456.3
203265.62	552450.33
203412.73	552506.07
203294.29	552454.46
203760.15	552796.17
202982.19	552397.73
202999.62	552410.42
203026.55	552411.78
202960.61	552384.74
203046.24	552411.15
202974.41	552384.47
202765.85	552265.24
202824.57	552285.64
202839.52	552282.86
202919.76	552256.97
202947.47	552269.32
202967.4	552264.57
202933.93	552334.38
202877.23	552349.51
202856.64	552332.26
203029.94	552347.63
202685.35	552167.71
202658.77	552158.39
202572.78	552204.33
203011.54	552145.06
202483.96	552131.08
202492.35	552132.7
202502.13	552119.72
202512.68	552117.2
202536.63	552101.78
202546.68	552101.09
202596.58	552009.73
202558.05	552088.39
202619.28	552016.4
202580.03	552080.83
202635.34	552017.75
202593.89	552080.89
202644.45	552019.41
202607.41	552066.47
202658.99	552021.48
202642.11	552090.99
202666.47	552023.88
202650.87	552084.22
202684.18	552024.78
202664.9	552083.01
202695.17	552029.68
202675.94	552084.54
202715.85	552028.59
202696.85	552077.11
202718.97	552025.53
202701.3	552080.26
202734.25	552025.83
202711.95	552069.38
202721.79	552060.11
202759.72	552018.42
202748.07	552070.75
202759.19	552073.65
202774.59	552070.99
202783.85	552059.99
203010.54	552114.37
203041.68	552127.58
203079.51	552142.89
203131.5	552183.06
203176.8	552200.25
203208.81	552212.8
203275.86	552229.62
203013.14	552117.26
203062.79	552214.17
203045.78	552129.56
203068.47	552209.05
203054.91	552133.94
203155.18	552239.97
203070.61	552139.49
203292.62	552274.07
203083.79	552144.07
203109.29	552176.21
203130.18	552184.8
203143.85	552189.54
203176.99	552236.77
203168.14	552197.87
203225.14	552252.77
203182.05	552204.43
203242.57	552256.67
203215.65	552216.38
203251.26	552223.68
203266.34	552228.63
203280.51	552233.36
203326.99	552249.01
203342.86	552251.85
203373.33	552269.96
203389.78	552274.68
203407.87	552280.67
203431.85	552375.85
203433.77	552388.23
202704.82	551950.21
202722.48	551920.69
202713.18	551918.63
202686.22	551910.62
202958.16	552147.39
203757.32	552675.22
203788.94	552675.14
203761.04	552695.66
203792.15	552689.49
203796.06	552695.72
203766.8	552716.73
203800.92	552708.71
203803.87	552717.24
203895.26	552713.03
203778.46	552751.57
203890.13	552702.24
203780.01	552770.71
203942.81	552679.34
203802.25	552763.96
203808.34	552757.26
203968.85	552669.71
203823.93	552752.52
203830	552753.53
203847.88	552749.63
203998.58	552660.29
203852.48	552743.89
203872.61	552743.5
203880.47	552736.88
203893.67	552733.13
203901.81	552730.66
203922.85	552726.28
203926.34	552723.44
203948.29	552716.46
203950.83	552712.59
203975.07	552708.9
203990.82	552708.03
203994.85	552701.86
202794.89	552778.88
202769.43	552781.25
202691.77	552731.07
202765.37	552675.52
202764.11	552709.74
202766.57	552724.3
202745.62	552638.39
202761.12	552731.59
202728.7	552648.59
202722.56	552651.78
202729.89	552737.54
202722.2	552675.95
202726.36	552684.59
202717.04	552695.54
202720.59	552704.79
202719.72	552720.21
202714.84	552728.71
202982.07	552735.8
202972.92	552734.02
202956.87	552744.78
202947.44	552749.4
202889.85	552762.76
202883.04	552768.32
202871.04	552768.85
202861.54	552774.78
202853.17	552528.89
202849.89	552515.99
202854.48	552555.75
202863.97	552513.65
202873.96	552545.66
202889.36	552553.43
202893.32	552514.14
202917.91	552551.25
202912.29	552521.01
202929.12	552552.81
202910.87	552533.93
203147.61	552282.5
203191.14	552240.92
203134.53	552234.57
203172.24	552292.47
202895.25	552939.24
202958.1	552980.51
203351.25	552905.42
202934.61	552980.74
203337.86	552906.86
202880.48	552976.4
203317.47	552925.54
202838.4	552972.43
202979.81	552910.3
202966.01	552910.09
202953.03	552911.12
202929.34	552907.37
202932.34	553073.79
202915.62	552905.68
202548.08	552817.66
203086.79	552236.62
203327.35	552696.62
203306.75	552713.95
202888.89	552630.16
202876.71	552582.65
202897.4	552612.42
202894.55	552640.36
202858.93	552630.32
203068.05	552445.44
202987.91	552430.19
203245.96	552726.35
203265.97	552506.5
203272.26	552823.66
203269.79	552848.63
203267.64	552874.03
203269.22	552900.18
203268.27	552770.26
203485.64	552792.7
203466.33	552772.84
203501.72	552763.92
203562.57	552695.84
203589.27	552690.5
203614.44	552681.05
203639.13	552674.57
203664.2	552667.04
203628.76	552713.03
203406.55	552625.19
203431.56	552571.73
203431.16	552600.04
201685.57	552840.77
203615.09	552610.95
203567.19	552586.12
203568.93	552559.13
203626.42	552577.97
203751.86	552507
203509.91	552305.2
203566.8	552308.98
203571.51	552830.03
203572.29	552802.95
203571.26	552777.36
203614.49	552798.72
202871.68	552705.97
202908.92	552713.15
202935.93	552721.84
202932.14	552706.96
202896.62	552684.71
202848.27	552719.96
202668.81	552527.14
202265.62	552491.84
203078.1	552102.6
203066.32	552086.99
203312.83	552404.85
202751.72	553170.26
203414.1	553423.19
202836.93	553355.42
202856.83	553395.93
202892.3	553398.27
203135.98	553448.62
203146.61	553442.46
203145.34	553407.65
203158.1	553448.46
203153.49	553403.92
203173.79	553442.53
203160.41	553408.1
203184.66	553447.5
203197.75	553443.13
203276.69	553445.51
203287.76	553409.03
203321.04	553409.5
203316.3	553452.31
203337.64	553406.58
203330.36	553458.23
203384.15	553406.65
203421.51	553407.46
203442.13	553406.6
203499.35	553406.65
203517.88	553407.21
203390.82	553447.81
203401.8	553452.83
203576.19	553406.29
203417.01	553455.12
203429.92	553453.12
203680.28	553414.95
203444.84	553460.36
203698.07	553412.43
203717.15	553413.97
203752.27	553440.54
203733.07	553414.52
203783.24	553439.08
203778.09	553406.73
203821.18	553419.81
203799.26	553398.7
203835.03	553412.49
203812.91	553385.3
203850.56	553397.37
203827.32	553372.24
203859.24	553382.7
203839.82	553362.68
203902.83	553339.69
203919.73	553325.58
203866.33	553328.17
203927.39	553308.81
203879.46	553316.6
203933.68	553294.8
203943.87	553276.19
203902.21	553289.55
203950.08	553260.02
203914.23	553270.3
203959.03	553220.57
203971.78	553210.79
203948.7	553187.15
203961.28	553174.93
203992.56	553187.48
203972.65	553166.08
203983.67	553155
203995.95	553146.33
204005.14	553132.28
203282.68	553445.72
203110.71	553353
203123.12	553023.36
203123.89	553050.53
203123.32	553078.57
203123.18	553106.61
203123.12	553133.56
203119.88	553267
203125.59	553347.79
203123.04	553377.04
203121.89	553405.29
203132.39	553484.17
203133.17	553527.25
203136.3	553582.67
203124.29	553637.86
203124.65	553667.17
203124.85	553721.27
203266.32	553111.76
203160.06	553080.42
203161.79	553106.39
203204.8	553132.23
203108.71	553748.89
203632.95	552804.04
203627.5	552778.71
203645.19	552777.37
203672.84	552789.63
203656.99	552744.12
203687.78	552786.74
203676.03	552733.61
203693.44	552766.84
203221.45	552994.72
203226.62	553020.12
203229.41	553040.97
203228.25	553094.37
203223.78	553131
203230.1	553154.28
203227.5	553165.92
203230.4	553177.56
203230.57	553203.03
203229.59	553222.43
203226.83	553233.38
203229.25	553242.34
203228.99	553262.17
203229.28	553292.54
203229.26	553301.23
203229.21	553312.32
203229.18	553322.86
203229.63	553342.18
203229.9	553363.63
203227.23	553393.52
203230.21	553404.1
203208.72	553492.24
203229.29	553468.93
203242.08	553470.71
203225.59	553602.38
203227.66	553614.83
203228.96	553637.98
203226.74	553651
203226.59	553673.38
203228.86	553684.72
203226.59	553698.36
203214.16	553718.44
203226.44	553183.66
203223.77	553242.5
203225.62	553319.82
203232.71	553715.96
203224.88	553544.43
203223.33	553471.96
203263.84	553698.28
203261.49	553895.1
203306.21	553544.75
203308.18	553548.54
203327.74	553524.91
203315.55	553549.38
203330.38	553532.39
203324.72	553554.51
203338.52	553534.14
203329.19	553560.25
203340.08	553566.59
203342.63	553573.2
203353.99	553546.5
203348.98	553571.67
203363.2	553548.4
203351.39	553578.83
203357.5	553576.58
203375.45	553557.58
203371.33	553591.13
203396.59	553560.65
203368.68	553597.42
203428.16	553563.88
203402.32	553595.73
203461.18	553573.7
203431.95	553580.41
203505.66	553600.46
203514.55	553606.48
203517.23	553601.85
203524.42	553612.48
203529.97	553609.55
203468.85	553616.25
203541.38	553612.24
203487.32	553627.07
203544.84	553617.92
203490.3	553622.47
203548.48	553626.19
203497.14	553633.07
203509.09	553634.14
203558.44	553632.68
203508.41	553640.33
203521.61	553642.58
203529.14	553641.65
203533.71	553650.19
203543.2	553649.84
203572.48	553673.05
203584.75	553680.08
203597.6	553680.57
203497.57	553750.43
203720.8	553818.27
203568.61	553767.12
204020.41	553366.47
203693.56	553443.67
203731.37	553444.65
203696.59	553460.46
203729.69	553463.59
203695.74	553477.82
203729.46	553479.51
203697.14	553500.97
203732.66	553521.28
203708.24	553535.58
203770.8	553553.05
203758.87	553579.47
203828.35	553540.47
203792.51	553587.66
203853.58	553533.44
203830.39	553580.99
203878.22	553507.46
203845.23	553573.79
203892.45	553496.25
203873.72	553562.33
203902.31	553481.92
203884.14	553549.75
203902.05	553537.64
203926.9	553457.95
203912.29	553521.11
203938.59	553442.93
203922.9	553505.93
203954.74	553425.22
203935.44	553492.94
203963.63	553408.51
203948.43	553478.38
203989.06	553383.56
203980.77	553449.37
203998.96	553368.65
203994.15	553434.26
204012.67	553353.58
203997.05	553421.45
204032.13	553331.92
204045.36	553313.16
204020.03	553392.07
204034.67	553377.25
204070.14	553280.66
204045.8	553366.33
204076.83	553263.26
204059.88	553352.38
204075.88	553243.46
204078.58	553357.8
204071.4	553225.7
204103.68	553363.73
204062.36	553194.95
204140.76	553356.15
204057.18	553177.38
204148.46	553337.16
204058.28	553159.5
204152.82	553315.72
204069.66	553124.42
204139.1	553304.53
204077.71	553107.43
204121.37	553292.43
204078.93	553089.54
204093.75	553302.53
204078.34	553074.29
204082.14	553042.32
204108.26	553257.56
204080.42	553029.05
204107.66	553241.47
204078.42	553012.94
204101.69	553225.05
204096.79	553210.33
204073.49	552978.76
204096.29	553194.46
204089.03	553179.12
204095.22	553144.34
204103.94	553131.57
204108.99	553116.52
204110.6	553075.69
204113.47	553043.73
204111.43	553029.14
204110.42	552997.73
204109.51	552979.97
204104.31	552965.82
203903.49	553393.85
203804.36	553469.54
203843.54	553486.72
203824.83	553462.3
203857.41	553474.43
203836.83	553447.48
203869.58	553461.99
203849.41	553437.54
203882.56	553451.85
203867.67	553429.59
203897.84	553437.78
203878.34	553417.44
203888.38	553402.94
203923.58	553404.8
203936.48	553391.94
203942.79	553342.89
203947.28	553377.13
203953.6	553329.1
203970.7	553351.96
203971.57	553294.6
203987.03	553335.9
203977.96	553275.66
204012.21	553322.36
204033.71	553300.25
204016.08	553286.18
204000.23	553283.34
203282.67	553607.88
203278.16	553626.52
203287.67	553615.57
203287.86	553626.93
203298.03	553616.83
203298.23	553635.28
203307.1	553627.83
203318.04	553629.31
203313.74	553643.79
203322.95	553636.9
203319.79	553653.19
203331.98	553637.48
203513.92	553678.5
203537.78	553687.76
203374.8	553683.85
203582.61	553572.27
203571.84	553552.16
203582.27	553478.28
203592.02	553455.25
203619.84	553588.6
203764.61	552657.39
203717.94	552654.01
203740.56	552646.32
203747.58	552641.12
203765.45	552639.8
203773.06	552635.64
203788.61	552632.37
203335.03	553495.85
203338.77	553490.35
203339.02	553502.08
203346.76	553492.56
203352.31	553500.16
203362.17	553500.9
203367.14	553515.26
203374.17	553511.97
203369.95	553522.73
203383.74	553513.02
203379.49	553522.78
203385.07	553531.92
202863.6	553325.99
203206.88	553213.91
202276.96	552350.76
202372.75	552379.29
202335.93	552357.84
203946.92	552771.61
203768.18	552801.38
203781.6	552798.27
203787.04	552791.84
203809.62	552791.34
203817.28	552782.74
203840.71	552774.44
203857.13	552773.65
203884.32	552764.31
203890.07	552760.41
203905.81	552759.44
203912.98	552752.83
203928.85	552752.43
203934.26	552746.27
203961.7	552738.23
203983.71	552732.09
203999.08	552731.32
204006.14	552726.24
202863.27	553949.16
203847.33	553279.33
203768.67	553370.44
203746.65	553351.07
203801.98	553355.15
203830.28	553325.47
203854.53	553296.69
203865.38	553282.51
203361.84	553651.84
203732.79	553633.09
